customer_id,first_name,last_name,email,phone_number,address,city,country,postal_code,loyalty_points
1,Mic,Osgar,mosgar0@joomla.org,513-717-6409,4 Dapin Plaza,Ciketak,Indonesia,,265
2,Lev,Instock,linstock1@163.com,791-889-3162,6 Nevada Alley,Valerik,Russia,366609,475
3,Ottilie,Hultberg,ohultberg2@live.com,445-605-0660,61 Lake View Way,Parikkala,Finland,59101,825
4,Agnola,Zanassi,azanassi3@opera.com,583-778-8766,8675 Bunting Circle,Nanniu,China,,164
5,Marsha,Partlett,mpartlett4@diigo.com,502-101-0397,9979 Dorton Way,Riachão das Neves,Brazil,47970-000,382
6,Brena,Yarrington,byarrington5@google.com.br,267-578-2703,61 Brown Court,Campo Belo,Brazil,37270-000,741
7,Clea,Sygrove,csygrove6@bbb.org,104-892-5233,6 Mosinee Trail,Boguchwała,Poland,36-040,39
8,Wilbert,Leirmonth,wleirmonth7@nifty.com,360-462-2928,0182 Rockefeller Way,Koutsopódi,Greece,,158
9,Aili,Ponte,aponte8@edublogs.org,530-537-1591,499 Glendale Park,Cekcyn,Poland,89-511,540
10,Mari,Workes,mworkes9@posterous.com,594-107-4512,4200 Northport Center,Phu Khiao,Thailand,36110,708
11,Harriot,Meldrum,hmeldruma@ovh.net,514-850-3673,81585 Northland Trail,Bual,Philippines,9410,732
12,Brose,Rainford,brainfordb@ucsd.edu,420-193-0751,8187 Oak Court,Estevan,Canada,S4A,117
13,Bailey,Suggitt,bsuggittc@51.la,674-631-3255,15 Springview Court,Creil,France,60109 CEDEX 1,768
14,Chrisy,Dewdney,cdewdneyd@senate.gov,432-980-0794,98022 Fuller Trail,Tubod,Philippines,9209,5
15,Lula,Meadowcroft,lmeadowcrofte@bandcamp.com,670-456-7213,24 Barnett Terrace,Arrepiado,Portugal,2140-605,980
16,Emery,Bickell,ebickellf@mac.com,199-397-5985,503 Spenser Parkway,Ramenki,Russia,141662,278
17,Gregorius,Pearse,gpearseg@samsung.com,825-126-5441,61864 Gale Place,Yegor’yevsk,Russia,140306,129
18,Dede,Tissiman,dtissimanh@bloglines.com,108-964-9205,5 Lotheville Hill,Ogwashi-Uku,Nigeria,,107
19,Fara,Origan,forigani@businesswire.com,976-178-0788,887 Division Park,Mataquescuintla,Guatemala,06005,17
20,Kort,Rumke,krumkej@dion.ne.jp,446-707-3353,5 Erie Lane,Sujiatun,China,,574
21,Beck,Whiskerd,bwhiskerdk@delicious.com,701-724-2147,90865 Bonner Pass,Pärnu-Jaagupi,Estonia,,875
22,Tarra,Vasiljevic,tvasiljevicl@uiuc.edu,995-837-0110,4308 Mccormick Lane,Ängelholm,Sweden,262 65,544
23,Phillipp,Seint,pseintm@yahoo.co.jp,879-302-5127,1 Fuller Street,Ambatolampy,Madagascar,,198
24,Ronna,Son,rsonn@odnoklassniki.ru,239-605-4994,06313 Sheridan Lane,Yëlkino,Russia,624214,143
25,Rania,Bouda,rboudao@dell.com,928-944-0664,7 Pepper Wood Circle,Týrnavos,Greece,,174
26,Reinaldo,Sirl,rsirlp@wordpress.org,535-985-3913,6721 Dayton Terrace,Podbuzh,Ukraine,,717
27,Desiri,Tenaunt,dtenauntq@phoca.cz,947-718-4196,58 Morrow Way,Dunaivtsi,Ukraine,,591
28,Brett,Dafydd,bdafyddr@spotify.com,727-483-8885,2055 Pierstorff Point,Kosino,Russia,612425,705
29,Marti,Eaddy,meaddys@si.edu,702-983-7649,9870 Lillian Street,Ferrol,Philippines,5506,960
30,Horst,Macauley,hmacauleyt@jigsy.com,141-577-4429,86 Lillian Pass,Karangbalong,Indonesia,,692
31,Drusy,Stute,dstuteu@mozilla.org,654-327-8426,4 High Crossing Terrace,San Esteban,Philippines,2706,69
32,Rolf,Sowten,rsowtenv@si.edu,923-598-0753,6 Clyde Gallagher Junction,Dubrava,Croatia,21252,767
33,Ryun,Doggerell,rdoggerellw@globo.com,167-306-7862,370 Stang Way,Libouchec,Czech Republic,403 35,337
34,Noble,Grabeham,ngrabehamx@apple.com,402-330-0593,54289 Kim Hill,Loikaw,Myanmar,,775
35,Kenna,Ditzel,kditzely@nba.com,274-716-5431,25 Red Cloud Center,Yuwan,China,,645
36,Leonanie,Sandwith,lsandwithz@princeton.edu,814-151-4393,54517 Knutson Place,Erie,United States,16522,781
37,Hilary,Geeve,hgeeve10@sakura.ne.jp,285-875-8088,0 Oxford Crossing,La Gi,Vietnam,,269
38,Myrtia,Dudmesh,mdudmesh11@a8.net,961-243-8775,66454 Laurel Street,Algarvia,Portugal,9630-224,553
39,Sara-ann,Brands,sbrands12@hostgator.com,474-351-5714,66617 Tomscot Park,Mölndal,Sweden,431 49,980
40,Adey,Rijkeseis,arijkeseis13@alexa.com,642-992-9736,174 Rowland Lane,Verkhnyaya Khava,Russia,396113,541
41,Annette,Sarfatti,asarfatti14@fc2.com,945-151-4591,30504 Longview Point,Bayan,Indonesia,,833
42,Mirabel,Hurley,mhurley15@quantcast.com,894-967-0739,70 Kipling Court,Stryszawa,Poland,34-205,505
43,Trixi,Jakubovski,tjakubovski16@hc360.com,401-986-9892,025 Gina Street,Annotto Bay,Jamaica,,540
44,Batsheva,Dunlap,bdunlap17@chicagotribune.com,985-286-0488,5924 Oak Pass,Örebro,Sweden,702 16,475
45,Coral,Linford,clinford18@hubpages.com,552-309-0940,6827 Oriole Court,Kilafors,Sweden,823 80,719
46,Dorri,Le Maitre,dlemaitre19@chicagotribune.com,524-855-1048,0 Meadow Ridge Parkway,Bojadła,Poland,66-130,481
47,Chet,Demageard,cdemageard1a@wikia.com,278-843-7950,00624 Graceland Street,Henghe,China,,948
48,Ange,Steet,asteet1b@phpbb.com,361-815-4429,70 Arkansas Plaza,Corpus Christi,United States,78410,334
49,Hesther,Clavering,hclavering1c@about.me,207-622-5587,437 Memorial Junction,Jakubów,Poland,05-306,121
50,Taylor,Ioselevich,tioselevich1d@rakuten.co.jp,161-595-8132,8959 Old Shore Center,Gulonggang,China,,735
51,Lyndsie,Demeter,ldemeter1e@ocn.ne.jp,150-558-3727,95077 Center Lane,Catu,Brazil,48110-000,512
52,Ki,Yglesias,kyglesias1f@nps.gov,349-185-5479,45 Gina Hill,Banjarjo,Indonesia,,716
53,Temple,Belsham,tbelsham1g@un.org,123-249-6347,26435 Bellgrove Alley,Santo Niño,Philippines,6711,626
54,Lloyd,Halifax,lhalifax1h@google.es,479-446-9938,2 Helena Pass,Blažovice,Czech Republic,664 08,628
55,Martica,Gallandre,mgallandre1i@discovery.com,400-513-3401,4209 Merchant Way,Cibingbin,Indonesia,,522
56,Ezri,Prettjohn,eprettjohn1j@example.com,729-810-2158,1188 Colorado Park,Xuji,China,,278
57,Shanda,Pannaman,spannaman1k@ameblo.jp,105-459-9397,66 Transport Road,Amiens,France,80048 CEDEX 1,189
58,Delphinia,McDonand,dmcdonand1l@wunderground.com,496-912-2857,0 Morrow Lane,Kaédi,Mauritania,,114
59,Vincent,Walkden,vwalkden1m@hexun.com,356-787-3141,24443 Anderson Park,Göteborg,Sweden,417 02,628
60,Quinta,Southern,qsouthern1n@mysql.com,986-521-5440,01 Mitchell Junction,Growong Kidul,Indonesia,,487
61,Randal,Sutherden,rsutherden1o@msu.edu,160-342-2081,7 Jay Street,Orléans,France,45063 CEDEX 2,273
62,Haley,Leman,hleman1p@skyrock.com,324-173-8734,745 Scofield Road,Itaboraí,Brazil,24800-000,6
63,Brewer,Erickson,berickson1q@jiathis.com,416-257-6448,845 Upham Terrace,Lazeshchyna,Ukraine,,435
64,Tonya,Sizland,tsizland1r@canalblog.com,606-879-7007,680 Ridge Oak Plaza,Abadou,Morocco,,20
65,Robert,Jakuszewski,rjakuszewski1s@bluehost.com,321-258-8111,8559 Armistice Court,Kapuan,Indonesia,,717
66,Charisse,Gatchel,cgatchel1t@salon.com,310-784-7588,541 Prentice Junction,Kalungu,Uganda,,859
67,Consalve,Ibberson,cibberson1u@alexa.com,804-894-2982,24396 Sauthoff Road,Dolno Palčište,Macedonia,1219,575
68,Niki,Gourdon,ngourdon1v@amazon.com,654-885-9540,2712 Melody Center,Ntonggu,Indonesia,,754
69,Tait,Stammer,tstammer1w@xing.com,276-464-3620,593 Ridgeview Hill,Baranoa,Colombia,082028,518
70,Curry,Macek,cmacek1x@mit.edu,665-383-0670,3 Manufacturers Junction,Xinshui,China,,677
71,Hilde,Tew,htew1y@cbslocal.com,513-442-1931,3533 Washington Street,Estela,Portugal,4570-198,284
72,Ingamar,Nelane,inelane1z@cmu.edu,221-807-1735,80176 La Follette Place,Bishan,China,,674
73,Cornelius,Fewlass,cfewlass20@bluehost.com,782-547-7292,7 Cascade Center,Lakota,Ivory Coast,,371
74,Norton,Erie,nerie21@who.int,864-979-7675,0 Steensland Lane,Tralee,Ireland,V92,490
75,Holt,Puffett,hpuffett22@amazon.de,703-344-1088,3865 Bashford Road,Rio Verde de Mato Grosso,Brazil,79480-000,278
76,Robbie,Tookey,rtookey23@a8.net,955-312-7995,8 Buell Alley,Andros Town,Bahamas,,618
77,Marcelle,Walentynowicz,mwalentynowicz24@angelfire.com,769-869-9438,1 Anthes Plaza,Ujazd,Poland,97-225,589
78,Alma,Sturdgess,asturdgess25@mac.com,466-358-6090,66 Porter Trail,Weihai,China,,913
79,Tobi,Minear,tminear26@yolasite.com,525-654-2199,82057 Porter Crossing,Paipu,China,,485
80,Amalia,Lawful,alawful27@elpais.com,785-142-1956,3885 Russell Trail,Río Tercero,Argentina,5850,706
81,Nancey,Melliard,nmelliard28@google.ca,990-479-9382,0 Lillian Trail,Tigaon,Philippines,4420,368
82,Annadiana,Lease,alease29@state.tx.us,446-446-9924,527 Straubel Alley,Frisange,Luxembourg,L-5754,471
83,Berkley,Epgrave,bepgrave2a@paypal.com,110-109-1972,472 Bobwhite Road,Lukolela,Democratic Republic of the Congo,,538
84,Flem,MacLeod,fmacleod2b@unc.edu,301-511-4442,0 Blue Bill Park Trail,Salaberry-de-Valleyfield,Canada,J3Y,633
85,Laural,Abreheart,labreheart2c@unicef.org,124-607-3862,216 New Castle Lane,Stockholm,Sweden,113 39,901
86,Madge,Bau,mbau2d@nifty.com,300-800-2099,6900 School Lane,Kouqian,China,,268
87,Julie,Gavagan,jgavagan2e@amazon.co.jp,520-881-5638,23 Evergreen Avenue,Yujin,China,,168
88,Alvera,Treagus,atreagus2f@fema.gov,860-367-6870,85 Butternut Point,Sirājganj,Bangladesh,5611,490
89,Steven,Clayworth,sclayworth2g@scientificamerican.com,770-460-3087,9 Ronald Regan Avenue,Tögrög,Mongolia,,914
90,Jenna,Whitley,jwhitley2h@joomla.org,353-774-8983,8924 Namekagon Alley,Tabālah,Saudi Arabia,,985
91,Ernestus,Johns,ejohns2i@qq.com,433-566-5997,09427 Forster Circle,Phu Kradueng,Thailand,42180,134
92,Del,Aleshkov,daleshkov2j@reuters.com,284-710-7968,16 Rowland Drive,Kuala Baru,Indonesia,,894
93,Flem,Capstake,fcapstake2k@mediafire.com,735-305-5407,4 Claremont Avenue,Opatów,Poland,42-152,990
94,Emmit,Demschke,edemschke2l@icq.com,944-446-3035,8 Comanche Center,Cimanggu,Indonesia,,917
95,Lyndell,Ronci,lronci2m@skype.com,544-701-8886,33304 Upham Way,Bemposta,Portugal,4730-010,433
96,Raye,Legen,rlegen2n@pagesperso-orange.fr,494-757-0004,57217 Hollow Ridge Drive,Okrika,Nigeria,,530
97,Diann,Ifill,difill2o@hatena.ne.jp,817-827-8942,27 Independence Street,Kushikino,Japan,899-2433,646
98,Charlie,Timothy,ctimothy2p@over-blog.com,463-527-0406,5 Delaware Circle,Yantang,China,,100
99,Annabelle,Jansie,ajansie2q@goo.gl,871-413-9117,9 Maple Park,Utajärvi,Finland,91601,454
100,Crystal,Collomosse,ccollomosse2r@smugmug.com,193-881-8805,126 Garrison Terrace,Corujeira,Portugal,3070-106,728
101,Leilah,Wholesworth,lwholesworth2s@jigsy.com,301-233-9664,6 3rd Pass,Trpinja,Croatia,32224,164
102,Marsha,Davley,mdavley2t@vistaprint.com,559-816-8747,908 Moose Point,Selikhino,Russia,398032,632
103,Isabelita,Weeks,iweeks2u@howstuffworks.com,626-956-1124,3981 Hagan Way,Shashūbay,Kazakhstan,,428
104,Rozalin,Viel,rviel2v@quantcast.com,520-338-9047,8450 Hoard Terrace,San Luis,Cuba,,505
105,Kaine,Norvell,knorvell2w@tuttocitta.it,928-256-4810,0212 Hoepker Lane,Tambakbaya,Indonesia,,693
106,Sofia,Studholme,sstudholme2x@psu.edu,137-691-4200,71858 Kinsman Pass,Konstantinovsk,Russia,352410,84
107,Janeen,Soame,jsoame2y@wikispaces.com,546-811-4217,019 Reindahl Circle,Neryungri,Russia,627533,693
108,Briney,Allnutt,ballnutt2z@economist.com,299-160-2393,3 Debs Trail,Haz-Zebbug,Malta,ZBG,670
109,Ferris,Scroggs,fscroggs30@wisc.edu,958-225-3886,69 Declaration Junction,Tegalsari,Indonesia,,546
110,Pooh,Gorman,pgorman31@nba.com,293-265-1891,9 Vernon Center,Sevilla,Spain,41015,903
111,Camella,Hendron,chendron32@sphinn.com,855-368-9690,1521 Almo Point,Boketu,China,,634
112,Ardine,Johann,ajohann33@thetimes.co.uk,581-464-0170,289 Arkansas Circle,Marseille,France,13369 CEDEX 11,628
113,Raina,Toor,rtoor34@indiatimes.com,226-718-9522,61 Shopko Center,Viana do Alentejo,Portugal,7090-224,915
114,Kendal,Turfs,kturfs35@epa.gov,504-337-3311,55 Oak Valley Drive,Hà Tĩnh,Vietnam,,533
115,Caresa,Ronald,cronald36@tripadvisor.com,147-582-0478,8 Artisan Lane,Karpushikha,Russia,624155,569
116,Doris,Brockwell,dbrockwell37@omniture.com,180-404-8642,9170 Bowman Place,Nahāvand,Iran,,887
117,Matias,Koppelmann,mkoppelmann38@discovery.com,540-552-7078,28 Kenwood Pass,Liuli,Tanzania,,894
118,Nanine,Jakucewicz,njakucewicz39@eepurl.com,272-618-3730,9624 Norway Maple Plaza,Gaiyang,China,,370
119,Pen,Diegan,pdiegan3a@telegraph.co.uk,710-581-5957,025 Beilfuss Way,Lindian,China,,178
120,Lyell,Alleyne,lalleyne3b@imdb.com,419-225-0967,2 Reinke Center,Qingshan,China,,563
121,Suzanna,Domenichelli,sdomenichelli3c@free.fr,540-910-5886,6 Service Alley,Forestville,Canada,G2B,194
122,Doretta,Costard,dcostard3d@oracle.com,114-705-6731,8830 Maryland Hill,Klumpit,Indonesia,,562
123,Fax,McIlwain,fmcilwain3e@fotki.com,973-923-6486,03616 Havey Park,Telbang,Philippines,6328,727
124,Karlyn,Sabattier,ksabattier3f@berkeley.edu,934-722-4861,05 Eastwood Alley,Novoukrayinka,Ukraine,,29
125,Bron,Vecard,bvecard3g@ovh.net,671-402-6891,710 Milwaukee Center,Tonoshō,Japan,761-4154,853
126,Sher,Teale,steale3h@independent.co.uk,342-383-3324,5 Nelson Drive,Aloja,Latvia,,902
127,Saul,Brookbank,sbrookbank3i@nationalgeographic.com,429-438-5769,71710 Tennyson Drive,Dabu,China,,650
128,Paul,Payton,ppayton3j@tuttocitta.it,887-709-6830,0 Briar Crest Terrace,Verin Artashat,Armenia,,120
129,Dorian,Piniur,dpiniur3k@feedburner.com,490-228-9046,554 Oriole Junction,Guojiazhuang,China,,664
130,Roderic,Lembke,rlembke3l@springer.com,721-186-9706,56110 3rd Street,Mae Lao,Thailand,57250,960
131,Tracey,Danielsson,tdanielsson3m@who.int,538-996-5804,315 Elmside Crossing,Qishn,Yemen,,66
132,Davon,Benza,dbenza3n@bbc.co.uk,966-654-9522,121 Bunting Way,Thetford-Mines,Canada,G6G,565
133,Florella,Assur,fassur3o@ameblo.jp,214-255-9908,9122 Chive Court,Lichinga,Mozambique,,982
134,Manuel,Pedden,mpedden3p@msn.com,850-157-2248,1189 Muir Junction,Igunga,Tanzania,,202
135,Tybi,Ruffy,truffy3q@hud.gov,637-469-6001,687 Dryden Court,Raszczyce,Poland,47-435,937
136,Lise,Stammler,lstammler3r@squidoo.com,304-415-0978,5 Londonderry Plaza,Ujiie,Japan,329-1311,756
137,Candie,Wethey,cwethey3s@cdbaby.com,536-236-0344,34 Esker Circle,Siliana,Tunisia,,373
138,Adelina,Hanson,ahanson3t@163.com,798-354-1697,4 Bashford Plaza,Kasamwa,Tanzania,,18
139,Ros,Hof,rhof3u@cyberchimps.com,772-888-0264,33 Cottonwood Lane,Rovnoye,Russia,413270,769
140,Hanson,Simmins,hsimmins3v@google.co.jp,525-304-7374,34 Sachs Street,Barreiro,Portugal,4950-642,92
141,Leontyne,De Biasi,ldebiasi3w@cbsnews.com,607-612-8670,1 Vera Crossing,Xunhe,China,,514
142,Killy,Smither,ksmither3x@gizmodo.com,342-479-9188,53679 Briar Crest Avenue,Petrodvorets,Russia,462823,315
143,Mellicent,Manueli,mmanueli3y@google.com.hk,275-448-9970,1910 Maple Trail,São Roque,Portugal,9500-701,344
144,Cecil,Brundale,cbrundale3z@mediafire.com,916-433-4103,9901 Columbus Court,Kuma,Indonesia,,443
145,Mara,Foran,mforan40@amazon.co.jp,543-670-4791,55 Stuart Crossing,Dashiju,China,,60
146,Tamarra,Bysshe,tbysshe41@pinterest.com,778-224-8837,5 Troy Park,Janja,Bosnia and Herzegovina,,883
147,Anabel,De Bell,adebell42@google.ca,922-974-2215,9 Messerschmidt Circle,Sokolo,Mali,,976
148,Devlin,Grizard,dgrizard43@sfgate.com,243-609-9249,15440 Hansons Parkway,Xinxu,China,,916
149,Claudelle,Irnys,cirnys44@dion.ne.jp,706-648-8020,672 Anthes Place,Zhoutian,China,,317
150,Rorke,Angrave,rangrave45@furl.net,949-259-9506,2104 Kropf Center,San Miguel,Mexico,58805,576
151,Adelice,Ibbeson,aibbeson46@ehow.com,434-677-5618,5016 Cherokee Way,Conde,Brazil,58322-000,866
152,Silvana,Napleton,snapleton47@disqus.com,245-788-6845,4413 Corry Crossing,Tiannan,China,,263
153,Marybeth,Dilrew,mdilrew48@jiathis.com,470-500-3989,46 Merry Avenue,Daohe,China,,137
154,Laughton,Manifold,lmanifold49@blogs.com,653-644-4159,8478 South Way,Condoroma,Peru,,403
155,Barb,Swinnard,bswinnard4a@mac.com,672-415-6040,36 Luster Point,Hengjie,China,,947
156,Lexis,Beetham,lbeetham4b@liveinternet.ru,493-758-2171,36681 Bashford Terrace,Nerchinsk,Russia,673416,404
157,Claudius,Flobert,cflobert4c@comcast.net,209-519-3501,1698 Dryden Alley,Baracoa,Cuba,,880
158,Roanne,Maffini,rmaffini4d@wix.com,125-104-6120,81 Prairie Rose Junction,Santa Barbara,Philippines,5002,969
159,Arda,Kinkaid,akinkaid4e@over-blog.com,963-459-8429,33 Colorado Alley,Teminabuan,Indonesia,,373
160,Alexandros,Dack,adack4f@blogtalkradio.com,572-591-5397,40579 Cody Trail,Kaji,China,,390
161,Tibold,McGing,tmcging4g@fastcompany.com,747-972-8265,8379 Fair Oaks Trail,Fengshuling,China,,221
162,Bellina,Smickle,bsmickle4h@usa.gov,393-364-8485,3 Mccormick Park,Hörby,Sweden,242 30,42
163,Kirstin,O'Boyle,koboyle4i@blogs.com,245-253-9428,2 Manitowish Court,Taoyuan,China,,642
164,Molli,Andrez,mandrez4j@biglobe.ne.jp,603-714-0275,36 Corben Plaza,Skärholmen,Sweden,127 43,109
165,Jacynth,Jagielski,jjagielski4k@addtoany.com,658-192-8149,3 Everett Road,Frydrychowice,Poland,34-108,858
166,Elnar,Budgett,ebudgett4l@wikipedia.org,810-657-2618,2479 Vernon Court,Samouco,Portugal,2890-206,27
167,Lorettalorna,Semiraz,lsemiraz4m@slate.com,739-768-4938,3573 Stone Corner Way,Hyères,France,83404 CEDEX,767
168,Ermanno,Iddison,eiddison4n@craigslist.org,358-138-9553,53 Cardinal Drive,Marinilla,Colombia,054028,646
169,Xavier,McElory,xmcelory4o@twitter.com,999-215-7571,01 Quincy Road,Gangba,China,,649
170,Wilburt,Rowthorn,wrowthorn4p@moonfruit.com,348-971-6875,6444 Meadow Ridge Plaza,Yunxiang,China,,862
171,Alfonso,Hulme,ahulme4q@mtv.com,128-514-5956,2552 Birchwood Center,Dambulla,Sri Lanka,21100,953
172,Ahmed,Hamblett,ahamblett4r@loc.gov,943-607-9141,066 Alpine Crossing,Köln,Germany,50733,592
173,Hale,Duchatel,hduchatel4s@wufoo.com,213-953-5337,42 Lakeland Center,Trhové Sviny,Czech Republic,374 01,654
174,Boniface,Hehl,bhehl4t@sfgate.com,675-537-0719,5 Derek Center,Banjar Parekan,Indonesia,,851
175,Marsha,Enocksson,menocksson4u@cnbc.com,296-227-3830,698 Kinsman Circle,Tagnanan,Philippines,6519,804
176,Miltie,Christol,mchristol4v@nature.com,406-311-4968,6 Sachs Plaza,Billings,United States,59112,344
177,Adelina,Aizikovich,aaizikovich4w@dot.gov,530-659-1693,99457 Elka Avenue,São Mateus,Portugal,9700-555,667
178,Ruperto,Smullen,rsmullen4x@barnesandnoble.com,130-126-7523,28853 Swallow Trail,Songbai,China,,735
179,Sarena,Cadding,scadding4y@shutterfly.com,949-732-1707,2053 Burning Wood Street,Nacka,Sweden,131 46,791
180,Yolane,Leeb,yleeb4z@wired.com,597-367-0688,672 Oak Valley Junction,Tha Yang,Thailand,76130,778
181,Odelinda,Tracey,otracey50@latimes.com,496-291-1867,5 Clyde Gallagher Street,Yegor’yevsk,Russia,140306,749
182,Roselle,Tweedie,rtweedie51@webs.com,750-470-9772,41857 Jenifer Place,Caherconlish,Ireland,F45,917
183,Clarie,Huggill,chuggill52@digg.com,533-717-5545,32890 Talisman Point,Sumberjati,Indonesia,,85
184,Alfy,Hazelton,ahazelton53@google.pl,448-636-7525,14920 Dixon Pass,Zhendong,China,,37
185,Maximilian,Sacks,msacks54@ovh.net,838-328-4050,50635 Macpherson Center,Chojata,Peru,,299
186,Vinita,Cotgrove,vcotgrove55@ucoz.com,956-710-6788,7672 Pleasure Court,Butare,Rwanda,,892
187,Bonni,Henker,bhenker56@dell.com,562-602-1986,003 Old Gate Park,Jimo,China,,146
188,Ian,Mounch,imounch57@cnn.com,851-217-8998,24452 Loftsgordon Center,Nowy Dwór Mazowiecki,Poland,05-160,575
189,Doralynne,Mousdall,dmousdall58@ox.ac.uk,862-425-2907,207 Village Green Parkway,Babice,Poland,37-754,392
190,Blair,Lucio,blucio59@ask.com,831-730-3281,2 Bayside Junction,Kaédi,Mauritania,,830
191,Renell,Kaubisch,rkaubisch5a@dedecms.com,442-791-8803,62 Center Plaza,København,Denmark,1111,885
192,Halli,Roycroft,hroycroft5b@oakley.com,693-509-1298,307 Anzinger Junction,Guéret,France,23016 CEDEX,772
193,Poppy,Chene,pchene5c@tiny.cc,509-762-6556,0985 Lake View Alley,Guyancourt,France,78045 CEDEX,761
194,Yvon,Porritt,yporritt5d@booking.com,820-841-7118,386 Scoville Lane,Dioknisi,Georgia,,184
195,Kelsy,Pipworth,kpipworth5e@sina.com.cn,682-623-9159,3758 International Circle,Stockholm,Sweden,116 30,556
196,Abeu,Ca,aca5f@nih.gov,314-246-5865,0 Logan Court,Saint Louis,United States,63143,850
197,Efrem,Minihane,eminihane5g@va.gov,330-407-3310,3 Superior Lane,Wakapuken,Indonesia,,129
198,Bayard,Fairham,bfairham5h@vk.com,750-605-8038,98 Old Gate Trail,Santa Teresa,Nicaragua,,305
199,Halsey,Howick,hhowick5i@hud.gov,738-177-2290,23 Kennedy Trail,San Andres,Philippines,5504,323
200,Meade,O'Brollachain,mobrollachain5j@creativecommons.org,830-625-0898,4615 Orin Drive,Faqqū‘ah,Palestinian Territory,,318
201,Chelsae,Seefeldt,cseefeldt5k@histats.com,419-128-3381,6672 Prairie Rose Trail,Xinjie,China,,709
202,Norby,Carley,ncarley5l@istockphoto.com,178-193-6888,9909 Nobel Center,Trasak,Indonesia,,855
203,Keene,Willman,kwillman5m@bloomberg.com,444-864-8508,879 Chinook Road,Zaïo,Morocco,,546
204,Alessandra,Newarte,anewarte5n@linkedin.com,234-404-1479,49786 Namekagon Place,Houzhai,China,,361
205,Wendall,Farry,wfarry5o@vkontakte.ru,248-750-7036,31982 Schurz Drive,Gufeng,China,,654
206,Jaquenette,Wiszniewski,jwiszniewski5p@unesco.org,216-980-9055,42238 Badeau Junction,Temryuk,Russia,353508,557
207,Hedwiga,Jorden,hjorden5q@wp.com,752-605-1403,96184 Corben Pass,Dongkeng,China,,711
208,Duke,Harold,dharold5r@skype.com,925-931-3714,51 Meadow Ridge Trail,Roissy Charles-de-Gaulle,France,95974 CEDEX 2,178
209,Lanette,Lydiatt,llydiatt5s@nbcnews.com,319-856-8656,55615 Colorado Circle,Dobra,Poland,72-210,612
210,Llewellyn,Pursey,lpursey5t@xinhuanet.com,635-623-1967,42 Upham Parkway,Sidrolândia,Brazil,79170-000,375
211,Clem,Wakeley,cwakeley5u@gravatar.com,342-508-3510,0 Crest Line Junction,Buchach,Ukraine,,733
212,Elberta,Carvell,ecarvell5v@cafepress.com,885-582-4979,22 Caliangt Point,Getung,Indonesia,,510
213,Adina,Golledge,agolledge5w@pagesperso-orange.fr,856-314-1834,07029 Doe Crossing Place,Wabana,Canada,V7X,560
214,Bruis,Pancoast,bpancoast5x@prnewswire.com,768-837-5155,1818 Sherman Circle,Changchi,China,,75
215,Ewell,Toor,etoor5y@livejournal.com,954-904-9940,9947 Elmside Place,Kafr ad Dīk,Palestinian Territory,,309
216,Tabby,Dowling,tdowling5z@yellowbook.com,831-827-1522,9515 Sachtjen Lane,Vilnius,Lithuania,27001,390
217,Cesya,Sampson,csampson60@ocn.ne.jp,993-494-8394,0796 Hallows Circle,Cibinong Satu,Indonesia,,555
218,Calla,Docker,cdocker61@zdnet.com,220-418-0419,3552 Scott Road,Wentang,China,,125
219,El,Sutcliffe,esutcliffe62@tumblr.com,588-520-6366,96039 Elgar Point,Agusan,Philippines,3702,699
220,Christoffer,Dorro,cdorro63@cbsnews.com,645-261-7986,16636 Logan Parkway,Djibo,Burkina Faso,,123
221,Willette,Chrestien,wchrestien64@arstechnica.com,334-462-0551,6862 Dwight Junction,Kol’chugino,Russia,601787,41
222,Milicent,Welbrock,mwelbrock65@gmpg.org,103-734-3438,616 Southridge Road,Krujë,Albania,,953
223,Cathe,Geddes,cgeddes66@wikia.com,508-979-1389,19422 Hallows Way,Looc,Philippines,5507,392
224,Morganica,Bartell,mbartell67@hhs.gov,531-581-9513,747 Beilfuss Junction,Valtimo,Finland,75701,549
225,Ramsey,Andre,randre68@psu.edu,603-479-4600,3547 Hermina Court,Tofol,Micronesia,,251
226,Hartwell,Loosley,hloosley69@altervista.org,729-382-0418,92202 Continental Terrace,Otaru,Japan,869-1203,764
227,Bab,Raselles,braselles6a@csmonitor.com,261-146-7006,68121 Scott Junction,Taoyuan,China,,151
228,Maighdiln,Vaen,mvaen6b@army.mil,883-529-6960,1889 Stuart Center,Jingxiyuan,China,,714
229,Kylen,Ruddell,kruddell6c@nih.gov,230-373-3413,8566 Karstens Street,Xibu,China,,390
230,Celie,Sauvage,csauvage6d@nymag.com,917-899-2919,03 Prairie Rose Drive,Holýšov,Czech Republic,345 62,284
231,Jane,Davies,jdavies6e@ihg.com,134-894-2721,6 5th Crossing,Chouto,Portugal,2140-215,560
232,Ruthi,Eicke,reicke6f@lycos.com,162-537-2394,037 Mallory Circle,Salaverry,Peru,,2
233,Annmaria,Napier,anapier6g@wired.com,233-521-8091,99 Grim Circle,Ernestinovo,Croatia,31215,711
234,Clyde,Stolberger,cstolberger6h@comsenz.com,157-920-7189,5342 Grover Drive,Nowshera Cantonment,Pakistan,22511,971
235,Georgina,Garroway,ggarroway6i@zdnet.com,771-787-1959,9 Independence Lane,Vareiá,Greece,,711
236,Randolph,Hadlow,rhadlow6j@gmpg.org,219-465-2470,3070 Dexter Place,Khānaqāh,Afghanistan,,520
237,Marcello,Huggett,mhuggett6k@google.fr,209-760-6161,8 Jenifer Drive,Dalianwan,China,,996
238,Sande,Gheorghescu,sgheorghescu6l@usatoday.com,557-299-5922,79543 Hintze Terrace,Zuogaiduoma,China,,595
239,Diahann,Hedderly,dhedderly6m@studiopress.com,604-971-5409,96161 Thackeray Crossing,Subaykhān,Syria,,826
240,Janaya,O'Lahy,jolahy6n@phpbb.com,965-468-0017,3762 Hauk Center,Daweishan,China,,269
241,Grace,St. John,gstjohn6o@google.de,129-810-3438,87 Harbort Court,Tower,Ireland,P31,950
242,Shadow,Raiker,sraiker6p@skype.com,150-626-1033,6 Kipling Park,Jiangyin,China,,991
243,Corabella,Oldam,coldam6q@qq.com,482-405-8346,993 Pond Lane,Sharga,Mongolia,,449
244,Cointon,Duffitt,cduffitt6r@goo.gl,145-565-1962,2036 Commercial Junction,Koronganayam,Indonesia,,331
245,Trace,Presser,tpresser6s@discuz.net,410-428-9525,7906 Blue Bill Park Avenue,Paatan,Philippines,9406,262
246,Randi,Kalvin,rkalvin6t@sbwire.com,241-695-4242,9080 Buena Vista Point,Baitu,China,,621
247,Karla,Zieme,kzieme6u@aol.com,303-530-3979,89960 Jay Circle,Qingu,China,,124
248,Tessie,Elgood,telgood6v@paypal.com,529-705-4746,7 Morrow Place,Chiguang,China,,1
249,Patrizio,Gratland,pgratland6w@mit.edu,541-369-3536,62 Grayhawk Point,Janes,Portugal,2755-123,506
250,Ty,Gilks,tgilks6x@nba.com,142-431-2622,21733 Sunbrook Hill,New Washington,Philippines,5610,635
251,Bryna,Handforth,bhandforth6y@rambler.ru,654-120-1593,4569 Carpenter Junction,Datangzhuang,China,,710
252,Adeline,Placstone,aplacstone6z@bluehost.com,982-533-0287,421 Esch Park,Laval,France,53085 CEDEX 9,971
253,Gearard,Sidon,gsidon70@goo.ne.jp,787-975-7541,99599 Fuller Drive,Jāti,Pakistan,73061,783
254,Dolorita,Bernt,dbernt71@ycombinator.com,256-476-3459,8482 Dixon Alley,Yiyang,China,,744
255,Nadean,Swallwell,nswallwell72@taobao.com,676-419-1636,54279 Main Alley,Taekas,Indonesia,,507
256,Adolf,Lee,alee73@tamu.edu,267-496-7396,0585 Dawn Trail,Emmen,Netherlands,7824,224
257,Vasily,Bradly,vbradly74@pcworld.com,156-891-2256,9 Dapin Junction,Arranhó,Portugal,2630-015,756
258,Josefina,Chiene,jchiene75@yellowpages.com,200-600-3672,6784 Dottie Road,Byumba,Rwanda,,145
259,Levey,Casel,lcasel76@baidu.com,409-283-0581,105 Village Place,Pagaruša,Kosovo,,992
260,Artemus,Potzold,apotzold77@yahoo.co.jp,464-974-3888,11336 Barby Alley,Wierzchowo,Poland,78-530,158
261,Rozamond,Woffinden,rwoffinden78@goo.gl,693-930-0934,053 1st Avenue,Cruzeiro,Brazil,12700-000,64
262,Adelbert,McGiffin,amcgiffin79@ucoz.ru,160-937-8736,3827 Green Ridge Court,Longford,Ireland,N39,713
263,Nicko,Maffi,nmaffi7a@last.fm,726-623-3311,328 Parkside Park,Jongīyeh,Iran,,297
264,Caron,Blakeley,cblakeley7b@cloudflare.com,758-219-7375,8205 Bluestem Road,Consolación del Sur,Cuba,,204
265,Husain,Lomath,hlomath7c@delicious.com,561-833-6833,4 Ridge Oak Avenue,Boynton Beach,United States,33436,909
266,Augustina,Hague,ahague7d@mapquest.com,601-488-8431,90 Haas Park,Ciervo Petiso,Argentina,3515,543
267,Teirtza,Hambly,thambly7e@com.com,465-219-9966,42 Beilfuss Hill,San José de Mayo,Uruguay,,128
268,Dexter,Frary,dfrary7f@blogspot.com,951-647-6672,6 Summerview Point,Simrishamn,Sweden,272 24,143
269,Sibel,Crone,scrone7g@tmall.com,975-162-7096,71100 Loomis Trail,Inderka,Russia,442585,193
270,Jazmin,Fishleigh,jfishleigh7h@gizmodo.com,387-667-3619,6196 2nd Junction,Göteborg,Sweden,412 86,892
271,Lucho,McCroft,lmccroft7i@xinhuanet.com,702-579-5187,6311 Calypso Park,Reno,United States,89550,643
272,Emily,Alderson,ealderson7j@diigo.com,210-739-0687,5109 Sloan Crossing,Sanligang,China,,862
273,Earl,Rickaert,erickaert7k@jiathis.com,893-276-3684,23723 Marcy Court,Buyun,China,,173
274,Oran,Rehorek,orehorek7l@printfriendly.com,174-119-0140,0117 Michigan Drive,Nicoya,Costa Rica,50201,686
275,Minor,Belvard,mbelvard7m@is.gd,909-334-6734,41320 David Way,Mayorga,Philippines,6507,990
276,Arlette,Murcutt,amurcutt7n@apple.com,197-440-9463,439 Jenna Trail,Tandou,China,,554
277,Ruthie,Geaves,rgeaves7o@prlog.org,931-521-1002,6 Swallow Way,Paris 15,France,75902 CEDEX 15,383
278,Kendall,Rosie,krosie7p@sphinn.com,873-699-6739,05946 Northview Plaza,Dongbian,China,,361
279,Maryjo,Wisbey,mwisbey7q@cnn.com,645-248-3459,2 Moose Hill,Sauce,Uruguay,,983
280,Anabel,Briffett,abriffett7r@ibm.com,321-753-2283,707 Mccormick Way,Eusébio,Brazil,61760-000,526
281,Jack,Fahrenbacher,jfahrenbacher7s@gnu.org,155-379-2880,54019 Portage Alley,San,Mali,,907
282,Merilyn,Sneezum,msneezum7t@pagesperso-orange.fr,769-144-9300,44 Acker Court,Mersam,Indonesia,,583
283,Shaylyn,Synan,ssynan7u@nih.gov,104-177-1803,6079 Mayer Point,Garajati,Indonesia,,239
284,Harley,Ganiford,hganiford7v@marketwatch.com,543-893-2587,397 Homewood Road,Vlachovo Březí,Czech Republic,384 22,815
285,Mahalia,Chaperlin,mchaperlin7w@smh.com.au,503-436-0428,216 Marquette Plaza,Santa Cruz da Graciosa,Portugal,9880-324,462
286,Marlow,Denkin,mdenkin7x@prweb.com,659-355-2848,50123 Mifflin Place,Xiyang,China,,294
287,Brett,Oguz,boguz7y@admin.ch,448-356-3147,4 Marquette Trail,Yarabamba,Peru,,388
288,Ronnica,Paull,rpaull7z@51.la,925-846-8027,02622 Lunder Place,Inongo,Democratic Republic of the Congo,,433
289,Melanie,Boulding,mboulding80@smugmug.com,372-425-4290,31 Lakewood Point,Welchman Hall,Barbados,,683
290,Kalindi,Joanaud,kjoanaud81@friendfeed.com,107-849-1805,20 Eagan Avenue,Caldas da Felgueira,Portugal,3525-205,151
291,Glynn,Worthington,gworthington82@theguardian.com,857-641-9133,52 Eggendart Park,Srebrenica,Bosnia and Herzegovina,,927
292,Royal,Jeger,rjeger83@homestead.com,721-558-5019,0 Summer Ridge Pass,Benoni,South Africa,1527,987
293,Rory,Blaydes,rblaydes84@dyndns.org,751-605-4011,20 Rutledge Hill,Pampachiri,Peru,,839
294,Patrice,Schoroder,pschoroder85@ucla.edu,294-971-6210,56 Ohio Road,Łobez,Poland,73-150,406
295,Geneva,Sacks,gsacks86@jiathis.com,470-266-5546,80 Schiller Park,Muyi,China,,869
296,Spence,Ronchetti,sronchetti87@time.com,869-109-6828,5 Hollow Ridge Pass,Lucheng,China,,498
297,Henriette,Blewitt,hblewitt88@about.me,462-484-2380,988 Commercial Terrace,Lameiras,Portugal,2715-145,327
298,Franciska,De Rechter,fderechter89@ehow.com,383-736-3271,5 Shelley Circle,La Asunción,Venezuela,,859
299,Isabella,Edmons,iedmons8a@usa.gov,764-190-5728,30 Carpenter Junction,Bagok,Indonesia,,510
300,Reba,Erdis,rerdis8b@hatena.ne.jp,305-855-5042,15938 Moulton Drive,Miami Beach,United States,33141,273
301,Kimmy,Summerell,ksummerell8c@imageshack.us,469-906-7916,0 Texas Avenue,Tandahimba,Tanzania,,91
302,Giffer,Imos,gimos8d@nyu.edu,603-900-3821,3 Bonner Drive,Morávka,Czech Republic,739 04,665
303,Perri,Bly,pbly8e@hugedomains.com,742-478-1971,006 Lien Avenue,Lame,Nigeria,,799
304,Wendall,Connerly,wconnerly8f@networkadvertising.org,107-717-3020,0 Packers Park,Tuqiao,China,,513
305,Joanne,Chichgar,jchichgar8g@wunderground.com,699-877-9975,5 Annamark Place,Hongxing,China,,799
306,Raffarty,Entwisle,rentwisle8h@princeton.edu,363-806-3224,7999 Summer Ridge Junction,Mekarsari,Indonesia,,90
307,Barnebas,MacGillicuddy,bmacgillicuddy8i@toplist.cz,679-395-0971,6 Derek Plaza,Panay,Philippines,5801,981
308,Adrian,MacClinton,amacclinton8j@dailymotion.com,923-212-0804,60149 Lakewood Gardens Way,Dasiping,China,,463
309,Grayce,Chasle,gchasle8k@webnode.com,282-434-7398,39 Anniversary Street,Barão de Melgaço,Brazil,78190-000,296
310,Cristie,Weond,cweond8l@myspace.com,318-475-7860,9664 Rowland Park,Villa Santa Rita,Argentina,4600,174
311,Iorgo,Urlich,iurlich8m@technorati.com,359-617-5798,63686 Packers Terrace,Naḥf,Israel,,171
312,Saree,Folk,sfolk8n@bbc.co.uk,913-360-4820,19 Forest Junction,Molsheim,France,67124 CEDEX,17
313,Clarabelle,McCurtain,cmccurtain8o@artisteer.com,512-415-3628,63531 Northland Way,Mangkon Daja,Indonesia,,607
314,Gayel,Dominka,gdominka8p@blog.com,607-395-4538,84218 Spaight Trail,Briey,France,54154 CEDEX,732
315,Geordie,Vane,gvane8q@bbb.org,476-550-5003,065 Twin Pines Street,Comalapa,Nicaragua,,777
316,Lainey,Jurries,ljurries8r@youku.com,883-524-9270,8 Prairieview Road,Tečovice,Czech Republic,763 02,883
317,Felice,Assard,fassard8s@facebook.com,261-625-2229,260 Laurel Road,Wufeng,China,,612
318,Rodney,Buye,rbuye8t@engadget.com,256-441-2078,7204 Anhalt Center,Musashino,Japan,369-1241,776
319,Marwin,Rockcliffe,mrockcliffe8u@smh.com.au,225-272-0017,4 Luster Trail,Wiri,New Zealand,2241,461
320,Adele,Moffett,amoffett8v@yandex.ru,736-415-3136,2999 Ridgeview Trail,Tashla,Russia,461199,569
321,Shandeigh,McGinnell,smcginnell8w@sphinn.com,144-149-9963,3 Hoepker Avenue,Patayac,Philippines,2419,91
322,Rozella,Menere,rmenere8x@hibu.com,330-461-4284,8 Eagle Crest Alley,Hudson Bay,Canada,K2J,250
323,Darius,Imms,dimms8y@cdc.gov,446-501-9160,28763 Valley Edge Parkway,Svenljunga,Sweden,512 24,978
324,Marcia,Linn,mlinn8z@yale.edu,360-164-4813,86 Esker Park,Berea,South Africa,4362,929
325,Gunner,Bogue,gbogue90@addthis.com,185-706-8861,6541 Ruskin Lane,Wanasari Baleran,Indonesia,,625
326,Nydia,Inch,ninch91@cmu.edu,678-869-9075,00162 Michigan Place,Saint-Quentin-en-Yvelines,France,78061 CEDEX,431
327,Daniel,Hugnot,dhugnot92@ed.gov,836-336-1200,83 Daystar Park,Shicheng,China,,495
328,Ignaz,Klossek,iklossek93@google.co.jp,349-886-2947,5 Bunker Hill Pass,Huiyuan,China,,455
329,Vivien,Gorler,vgorler94@mysql.com,242-387-9864,435 Tennyson Hill,Campaka,Indonesia,,120
330,Evan,Riggott,eriggott95@boston.com,240-686-8403,61209 Talisman Circle,Jinji,China,,810
331,Sibyl,Kenderdine,skenderdine96@pinterest.com,284-943-2641,442 Little Fleur Junction,Calingcing,Indonesia,,475
332,Cathryn,Greystock,cgreystock97@discovery.com,271-212-2108,141 Hintze Lane,Votkinsk,Russia,427439,762
333,Ariana,Aluard,aaluard98@ft.com,418-361-4559,23 4th Junction,Toba,Japan,916-0013,88
334,Sawyer,Brookzie,sbrookzie99@wordpress.org,283-144-9359,1 Mesta Lane,Ciangir,Indonesia,,487
335,Afton,Rojas,arojas9a@joomla.org,699-337-5306,58305 Sunnyside Avenue,El Gouna,Egypt,,750
336,Marisa,Blasli,mblasli9b@phoca.cz,619-521-1092,1627 Hanover Pass,Yuping,China,,57
337,Robb,Chastan,rchastan9c@intel.com,142-505-5078,80 Caliangt Avenue,Zābolī,Iran,,75
338,Gunther,Morrison,gmorrison9d@indiatimes.com,577-779-0679,09 Moland Center,Bunobogu,Indonesia,,337
339,Rhett,Drinan,rdrinan9e@wikimedia.org,683-804-1461,0 Northridge Place,Erfurt,Germany,99089,11
340,Sibella,Yushachkov,syushachkov9f@diigo.com,161-225-9671,04 Prairieview Crossing,Toshloq,Uzbekistan,,684
341,Hildagarde,Jones,hjones9g@nsw.gov.au,763-592-9884,28 Toban Street,Quebrada Canoa,Panama,,191
342,Land,Ivanenkov,livanenkov9h@biglobe.ne.jp,253-181-9600,07822 Eagle Crest Way,Manacsac,Philippines,4332,731
343,Randi,Litchfield,rlitchfield9i@last.fm,882-277-4558,0 Lillian Center,Yebaishou,China,,236
344,Harvey,Marjanovic,hmarjanovic9j@statcounter.com,997-853-3246,0 Brentwood Hill,Heqian,China,,382
345,Perceval,Ownsworth,pownsworth9k@cam.ac.uk,560-258-9787,7693 Buena Vista Park,Ransang,Philippines,1080,714
346,Angele,Dellenty,adellenty9l@over-blog.com,354-914-5375,800 Marquette Center,Baquero Norte,Philippines,3322,20
347,Adrea,Sunter,asunter9m@abc.net.au,559-489-9469,56 Village Green Lane,Emiliano Zapata,Mexico,21460,356
348,Armando,Sutcliffe,asutcliffe9n@google.co.jp,953-224-2089,1338 Mccormick Way,Penápolis,Brazil,16300-000,718
349,Wake,Letteresse,wletteresse9o@hc360.com,903-382-1531,06 Thackeray Hill,Pećigrad,Bosnia and Herzegovina,,628
350,Chas,Crottagh,ccrottagh9p@soundcloud.com,471-175-3230,32748 Continental Center,Piraju,Brazil,18800-000,136
351,Garrick,Attiwill,gattiwill9q@disqus.com,729-783-8195,08 Dottie Park,Senlis,France,60309 CEDEX,286
352,Helaine,Rubenov,hrubenov9r@clickbank.net,550-888-8706,4 Kenwood Drive,Chendian,China,,663
353,Dante,Colten,dcolten9s@soundcloud.com,711-828-5670,740 Eastwood Pass,Svetlyy Yar,Russia,404170,567
354,Kennith,Niesel,kniesel9t@dropbox.com,620-528-7372,832 Fairfield Place,Pingdong,China,,129
355,Rand,Imloch,rimloch9u@cnet.com,150-445-3662,2 Mccormick Junction,Strzyżowice,Poland,42-575,681
356,Collie,Vaggs,cvaggs9v@sciencedirect.com,313-155-6249,4 Reindahl Court,Sanxi,China,,113
357,Clay,Bratton,cbratton9w@mlb.com,277-857-8021,4 Katie Plaza,La Broquerie,Canada,L2G,197
358,Dedra,Pawson,dpawson9x@princeton.edu,748-851-1222,8868 Harper Trail,Bairan,Philippines,4511,890
359,Codie,Waber,cwaber9y@ucoz.ru,433-290-4673,5567 Fordem Alley,Hutang,China,,304
360,Joice,Cabble,jcabble9z@ezinearticles.com,422-832-9179,6576 Doe Crossing Crossing,Doibang,Indonesia,,573
361,Blondy,Lotte,blottea0@gov.uk,990-538-7918,860 Hoffman Park,Jīwani,Pakistan,28360,704
362,Basil,Plumbley,bplumbleya1@prweb.com,341-355-0338,7210 Blackbird Terrace,Picassinos,Portugal,2430-418,455
363,Melamie,Lorincz,mlorincza2@imgur.com,108-891-6831,21 Sycamore Road,Robīt,Ethiopia,,237
364,Winnie,Root,wroota3@networkadvertising.org,179-478-4703,5689 Tomscot Point,Bonnyville,Canada,T9N,145
365,Chloette,Wontner,cwontnera4@mashable.com,600-444-8645,773 Mosinee Terrace,El Porvenir,Mexico,93816,68
366,Mikey,Drees,mdreesa5@oracle.com,265-687-0338,32455 Commercial Point,Katoro,Tanzania,,537
367,Farrell,Corrin,fcorrina6@yahoo.com,579-560-5141,7051 Division Terrace,Taozhou,China,,796
368,Ruthie,Zecchini,rzecchinia7@quantcast.com,913-198-8267,71991 Division Place,Granja do Tedo,Portugal,5120-165,842
369,Andrea,Ascrofte,aascroftea8@thetimes.co.uk,820-257-5470,454 Ronald Regan Park,Konza,Kenya,,933
370,Alfons,John,ajohna9@home.pl,251-308-8446,4194 Melvin Circle,Mobile,United States,36641,675
371,Kit,Nottingam,knottingamaa@devhub.com,869-905-7825,33572 Vera Crossing,São Lourenço,Brazil,37470-000,454
372,Willette,Maccrie,wmaccrieab@huffingtonpost.com,432-967-5887,276 Colorado Alley,Ključ,Bosnia and Herzegovina,,108
373,Terrijo,Tow,ttowac@vk.com,224-250-5196,2266 Bartillon Way,Kostinbrod,Bulgaria,2259,579
374,Judah,Kaye,jkayead@unesco.org,315-822-7116,1202 Washington Terrace,Sarimukti Kaler,Indonesia,,305
375,Cob,Treagust,ctreagustae@forbes.com,638-758-0710,12 Coleman Plaza,Yantak,China,,764
376,Truman,Moakson,tmoaksonaf@loc.gov,627-473-6806,6224 Dapin Drive,Santa Catalina,Philippines,2701,797
377,Jillane,Gilffillan,jgilffillanag@sina.com.cn,342-874-2296,3 Fulton Pass,Liulin,China,,628
378,Joelly,Pideon,jpideonah@seesaa.net,613-137-2628,5786 Talisman Plaza,Malaya Dubna,Russia,665442,545
379,Darsie,Gawthrop,dgawthropai@apache.org,890-157-5798,857 Twin Pines Lane,Borovo,Bulgaria,7119,7
380,Laurel,Kuhlen,lkuhlenaj@last.fm,240-850-8127,5106 Utah Place,Burmakino,Russia,152295,358
381,Kass,Feary,kfearyak@cbsnews.com,135-742-4728,26444 Eastwood Terrace,Kozhva,Russia,624992,422
382,Carrissa,Kinnaird,ckinnairdal@indiatimes.com,631-650-3510,84 Vera Road,Xinghua,China,,613
383,Kipper,Kitchingham,kkitchinghamam@feedburner.com,383-316-4516,62391 Gina Road,San Antonio,Mexico,39260,245
384,Etan,Gooly,egoolyan@google.ca,135-589-3107,75 Monterey Pass,Carreira,Portugal,4820-021,882
385,Stevy,Janisson,sjanissonao@epa.gov,317-269-8509,539 Rieder Avenue,Damulog,Philippines,8721,883
386,Lynde,Powton,lpowtonap@discovery.com,983-292-5252,0987 Pepper Wood Parkway,Andorinha,Portugal,3025-333,643
387,Cornela,Vargas,cvargasaq@admin.ch,227-346-6629,52099 Nancy Trail,Andkhōy,Afghanistan,,947
388,Raff,Baglin,rbaglinar@craigslist.org,880-447-3996,84 Manufacturers Point,Qalaikhumb,Tajikistan,,276
389,Wolf,Cheales,wchealesas@hhs.gov,232-243-2893,37245 Dennis Street,Qingfenglin,China,,71
390,Junie,Toten,jtotenat@prnewswire.com,947-767-6824,980 Rigney Lane,Loyew,Belarus,,249
391,Lilah,Proudlock,lproudlockau@upenn.edu,106-692-9660,447 Bluestem Drive,Itabira,Brazil,35900-000,354
392,Flory,Furmage,ffurmageav@rambler.ru,766-704-5366,72 Debs Way,Aconibe,Equatorial Guinea,,631
393,Herve,Minelli,hminelliaw@theguardian.com,655-564-9076,934 Mariners Cove Road,Tawan tawan,Philippines,8610,36
394,Phillida,Southern,psouthernax@geocities.com,219-732-7201,77 Grasskamp Court,Seboruco,Venezuela,,14
395,Alysia,Bumfrey,abumfreyay@hhs.gov,793-699-7009,0087 Bultman Point,Shuiying,China,,986
396,Lenka,Dockrey,ldockreyaz@tuttocitta.it,352-172-5013,7315 Russell Parkway,Thành Phố Hạ Long,Vietnam,,392
397,Kara,Lamas,klamasb0@wiley.com,637-938-0520,5389 Banding Parkway,Konosha,Russia,164010,573
398,Mariele,Lindback,mlindbackb1@umich.edu,673-391-5269,3723 Bartelt Pass,Dapitan,Philippines,3307,394
399,Fayre,Cockerham,fcockerhamb2@msu.edu,877-639-3860,12006 Dorton Junction,Uherský Brod,Czech Republic,688 01,957
400,Allan,Ferraretto,aferrarettob3@disqus.com,266-721-4309,0558 Loftsgordon Circle,Mora,Sweden,792 92,506
401,Ofelia,Vance,ovanceb4@shareasale.com,901-378-9350,9 Clemons Road,Tintafor,Sierra Leone,,473
402,Darell,Dictus,ddictusb5@storify.com,827-673-2047,883 Towne Plaza,Thorpe,United Kingdom,BD23,796
403,Nollie,Haymes,nhaymesb6@imgur.com,729-973-1145,9090 Laurel Lane,Roczyny,Poland,43-354,647
404,Arlyn,Lambertazzi,alambertazzib7@odnoklassniki.ru,171-107-5746,04 Pine View Plaza,Monastir,Tunisia,,559
405,Roch,Costellow,rcostellowb8@scientificamerican.com,167-666-5002,9900 Loomis Street,Budapest,Hungary,1111,617
406,Gae,Jee,gjeeb9@jimdo.com,842-204-2457,2820 Hauk Center,Kutasari,Indonesia,,614
407,Elisabet,Reeves,ereevesba@soundcloud.com,863-959-2802,4 Doe Crossing Place,Matara,Sri Lanka,81000,31
408,Hort,Maidlow,hmaidlowbb@narod.ru,497-271-4634,7 Quincy Hill,Ijebu-Ife,Nigeria,,92
409,Olivette,Slaney,oslaneybc@slate.com,433-902-5098,85369 Quincy Street,Hurghada,Egypt,,954
410,Ezri,O'Riordan,eoriordanbd@is.gd,987-280-8608,9 Troy Road,Ostrów Lubelski,Poland,21-110,414
411,Joye,Brittian,jbrittianbe@privacy.gov.au,109-133-2969,1958 Crownhardt Way,Norsborg,Sweden,145 56,91
412,Brew,Cowsby,bcowsbybf@mediafire.com,298-371-1548,4040 Buhler Parkway,Wailang,China,,334
413,Miles,Van der Hoeven,mvanderhoevenbg@istockphoto.com,502-159-2845,5091 Cody Parkway,Ermida,Portugal,3070-125,733
414,Jennee,Siemon,jsiemonbh@admin.ch,328-603-7707,9 Saint Paul Center,Ar Ramāḑīn,Palestinian Territory,,580
415,Tobit,Tabourel,ttabourelbi@businessweek.com,725-874-4514,57 7th Road,Larnaca,Cyprus,,807
416,Lilla,Schott,lschottbj@engadget.com,170-651-0841,796 Barby Place,Yaypan,Uzbekistan,,157
417,Shanta,Aslen,saslenbk@indiatimes.com,786-442-1801,9846 Lotheville Center,Privlaka,Croatia,32251,652
418,Clem,Lamplough,clamploughbl@github.io,893-710-9858,2 Maple Wood Place,Stodolishche,Russia,216471,256
419,Lilias,Ponceford,lponcefordbm@google.pl,145-937-0457,0 Glacier Hill Parkway,Gaotan,China,,667
420,Abie,Malcher,amalcherbn@businessinsider.com,242-184-6279,50972 Rigney Plaza,Nizhnyaya Omka,Russia,646620,338
421,Stephie,Ivchenko,sivchenkobo@sun.com,338-864-6097,25502 Delladonna Crossing,Ḩarīb,Yemen,,700
422,Diandra,Mansel,dmanselbp@hibu.com,315-605-7897,4767 Pankratz Drive,Gaiyang,China,,480
423,Andonis,Baggaley,abaggaleybq@omniture.com,915-721-1422,03 Bonner Hill,El Paso,United States,79945,128
424,Immanuel,Whiffin,iwhiffinbr@typepad.com,770-377-8081,3887 Old Shore Hill,Huishi,China,,448
425,Oralia,Tough,otoughbs@gnu.org,312-802-0688,42 Bay Crossing,Sharkawshchyna,Belarus,,308
426,Dolorita,Bwye,dbwyebt@sogou.com,843-566-5992,936 Loftsgordon Point,Vilares,Portugal,4745-358,383
427,Anne-corinne,Joseph,ajosephbu@histats.com,850-356-0925,495 Eagle Crest Court,Chengzhong,China,,301
428,Robin,Kettlestringes,rkettlestringesbv@yandex.ru,864-243-1551,883 Schlimgen Parkway,Dayr Abū Ḑa‘īf,Palestinian Territory,,427
429,Ettie,Passler,epasslerbw@wikia.com,266-418-8930,4689 West Junction,Tinabogan,Indonesia,,354
430,Marie,Bortolozzi,mbortolozzibx@google.ca,597-826-7135,419 Nobel Junction,Calsib,Philippines,4335,311
431,Jerad,Hefner,jhefnerby@squarespace.com,158-241-1862,6167 Hanover Street,Langxi,China,,727
432,Fred,Anning,fanningbz@domainmarket.com,178-469-3142,85536 Forest Hill,Pakham,Thailand,92000,268
433,Charin,Sand,csandc0@feedburner.com,482-638-4149,11604 Maryland Street,Camp Thorel,Mauritius,,766
434,Shelli,McLewd,smclewdc1@mlb.com,246-915-2681,1000 Birchwood Crossing,Stroitel’,Russia,392526,81
435,Kristo,Sauter,ksauterc2@businessweek.com,706-362-3618,379 Brown Road,Avignon,France,84913 CEDEX 9,179
436,Ravi,Chrystal,rchrystalc3@jiathis.com,792-107-8813,7518 Mallory Center,Pangkalan Kasai,Indonesia,,692
437,Dyna,de Courcy,ddecourcyc4@shop-pro.jp,184-876-9109,96157 Amoth Hill,Gaoqiao,China,,818
438,Demetrius,Iacovides,diacovidesc5@pinterest.com,763-303-6572,4244 Ludington Drive,Goiatuba,Brazil,75600-000,729
439,Isabeau,Alldread,ialldreadc6@reverbnation.com,327-947-8806,600 Lotheville Place,Xishanzui,China,,595
440,Miriam,Gingedale,mgingedalec7@amazon.co.uk,793-241-4073,8 Canary Plaza,Estreito Câmara de Lobos,Portugal,9325-006,183
441,Arley,Skynner,askynnerc8@census.gov,694-418-8572,5 Village Green Junction,Hongshi,China,,143
442,Conchita,Peplaw,cpeplawc9@rakuten.co.jp,629-104-8918,3 Boyd Terrace,Tsinandali,Georgia,,899
443,Yoshi,Paxton,ypaxtonca@intel.com,813-999-9140,3958 Lakewood Gardens Center,Lucma,Peru,,672
444,Dominique,Grene,dgrenecb@newsvine.com,588-964-7652,28 Bunker Hill Hill,Saint-Chamond,France,42404 CEDEX,154
445,Reeba,Wallbrook,rwallbrookcc@twitpic.com,576-309-7378,4 Huxley Street,Manna,Indonesia,,879
446,Athene,Growden,agrowdencd@answers.com,669-232-0761,762 Rockefeller Parkway,Kukës,Albania,,840
447,Odelle,Rival,orivalce@reference.com,970-542-8100,05767 Kinsman Point,Kon Tum,Vietnam,,789
448,Bea,Pleaden,bpleadencf@amazonaws.com,197-429-8947,5 Stang Center,Kenarilang,Indonesia,,519
449,Vita,Batchelder,vbatcheldercg@google.com.br,632-678-6357,27667 Miller Pass,Ubiaja,Nigeria,,454
450,Maxy,Stadden,mstaddench@ehow.com,955-606-2102,7312 Stephen Trail,Paranapanema,Brazil,18720-000,797
451,Brittan,Bartak,bbartakci@seesaa.net,928-126-0923,6840 Lighthouse Bay Parkway,Chiguang,China,,663
452,Wallace,D'Agostini,wdagostinicj@twitter.com,510-514-4784,45 Garrison Lane,Richmond,United States,94807,332
453,Mirabella,Ranscomb,mranscombck@newyorker.com,159-241-3318,14 Cherokee Circle,Vodnjan,Croatia,52215,712
454,Leia,Pesak,lpesakcl@webnode.com,784-816-8746,47 Kings Plaza,Smolensk,Russia,214501,734
455,Emelia,Whetton,ewhettoncm@reuters.com,830-766-5637,20 6th Center,Chat Trakan,Thailand,65170,742
456,Dodie,Joost,djoostcn@mac.com,918-730-0453,95 Clove Circle,Aqsū,Kazakhstan,,894
457,Catharine,Hubbocks,chubbocksco@yahoo.com,737-474-0009,0 6th Road,Huayacundo Arma,Peru,,354
458,Dagmar,Kibby,dkibbycp@skyrock.com,206-668-2783,6 Clemons Point,Danao,Philippines,6344,858
459,Berri,Wainer,bwainercq@hc360.com,856-532-4165,0 Rowland Place,Chak Two Hundred Forty-Nine TDA,Pakistan,19030,950
460,Aldrich,Bradbury,abradburycr@facebook.com,336-320-1809,2 Dryden Place,Hongyang,China,,205
461,Llywellyn,Littler,llittlercs@latimes.com,352-215-4528,61 Loftsgordon Center,Zboriv,Ukraine,,450
462,Lora,Madoc-Jones,lmadocjonesct@utexas.edu,232-959-9711,8 Arizona Alley,Wolin,Poland,72-510,747
463,Dorothy,Parysowna,dparysownacu@desdev.cn,498-733-6703,70 American Road,Mehtar Lām,Afghanistan,,451
464,Loutitia,Banbrick,lbanbrickcv@pagesperso-orange.fr,557-802-4172,5890 Butterfield Place,Tabonoc,Philippines,6414,819
465,Deloria,Ambrosoli,dambrosolicw@istockphoto.com,558-471-1835,452 Transport Way,Drawsko Pomorskie,Poland,78-500,123
466,Shamus,Lewcock,slewcockcx@buzzfeed.com,721-450-0167,8 Cherokee Trail,Point Pedro,Sri Lanka,51508,870
467,Kaine,Normansell,knormansellcy@reverbnation.com,936-608-7701,651 Oak Park,Fūman,Iran,,54
468,Augustus,Heale,ahealecz@wiley.com,916-417-6643,75 Hauk Circle,Annacotty,Ireland,E45,137
469,Martelle,Honnicott,mhonnicottd0@about.com,124-557-3664,683 Hovde Street,Yongjiahe,China,,369
470,Haley,Squirrell,hsquirrelld1@naver.com,517-267-8970,93 Lakeland Road,Shanjiao,China,,23
471,Joela,McCoughan,jmccoughand2@economist.com,788-601-5917,23 Arrowood Pass,Lincheng,China,,70
472,Susana,Brands,sbrandsd3@example.com,114-975-4815,46 Blaine Trail,Flying Fish Cove,Christmas Island,,987
473,Ema,Nisius,enisiusd4@ebay.com,187-691-8029,646 Crescent Oaks Point,Sinjhoro,Pakistan,68220,273
474,Olympie,Wilsey,owilseyd5@netlog.com,442-539-4970,7 Browning Hill,Ōmura,Japan,856-0847,591
475,Dewie,Virgoe,dvirgoed6@cpanel.net,616-290-8844,599 Northridge Plaza,Ishëm,Albania,,73
476,Pietro,Timmins,ptimminsd7@elegantthemes.com,563-329-7742,8 Lakeland Plaza,Velagići,Bosnia and Herzegovina,,224
477,Annabal,Favell,afavelld8@weibo.com,297-200-2752,00095 Hanover Trail,Ciulu,Indonesia,,458
478,Shelley,Blanc,sblancd9@drupal.org,522-479-6933,769 Ridgeway Circle,Bambor,Indonesia,,966
479,Peggy,Boule,pbouleda@bing.com,815-143-8232,768 Erie Hill,Ciudad Barrios,El Salvador,,380
480,Khalil,Du Fray,kdufraydb@liveinternet.ru,794-392-2894,1406 Cherokee Road,Telagasari,Indonesia,,219
481,Angelle,Brewins,abrewinsdc@hubpages.com,573-970-6534,646 Green Place,Vallentuna,Sweden,186 53,464
482,Janos,Howsley,jhowsleydd@google.com,192-815-5136,34993 Eagle Crest Plaza,Yelizavetinskaya,Russia,385123,7
483,Vikky,Laffranconi,vlaffranconide@over-blog.com,159-164-8697,5 Melvin Way,Apalit,Philippines,2016,784
484,Genni,Cullum,gcullumdf@google.pl,897-605-6134,6 Magdeline Road,Pingshan,China,,286
485,Addy,Lestor,alestordg@forbes.com,386-195-4009,4 Lyons Junction,Paris 10,France,75485 CEDEX 10,993
486,Regen,Waistell,rwaistelldh@yahoo.co.jp,761-399-5596,0933 Ruskin Lane,Nowe Warpno,Poland,72-022,347
487,Lind,Paterno,lpaternodi@youku.com,217-140-4772,679 Rieder Lane,Springfield,United States,62705,442
488,Penny,Garretts,pgarrettsdj@adobe.com,276-180-7125,863 Kipling Place,Rakaia,New Zealand,7743,592
489,Nevil,Yosifov,nyosifovdk@wikipedia.org,757-102-2373,630 Linden Plaza,Besançon,France,25024 CEDEX,434
490,Abbey,Todarini,atodarinidl@buzzfeed.com,310-882-3988,1575 Bonner Lane,Santa Monica,United States,90410,330
491,Bibi,Elderfield,belderfielddm@bizjournals.com,217-163-3292,439 4th Terrace,Orlovskiy,Russia,347513,759
492,Jeffry,Napolitano,jnapolitanodn@ed.gov,107-450-3486,3 Glacier Hill Crossing,Kwakoa,Tanzania,,127
493,Ailee,Wyer,awyerdo@guardian.co.uk,295-287-8664,42 Springview Junction,Malummaduri,Nigeria,,739
494,Vilma,Jirusek,vjirusekdp@privacy.gov.au,317-421-0797,7 Coolidge Hill,Indianapolis,United States,46295,465
495,Robby,Dearness,rdearnessdq@google.it,250-733-7849,20672 Birchwood Court,Cakran,Albania,,678
496,Meredithe,Hearnah,mhearnahdr@timesonline.co.uk,430-260-2528,214 Hauk Terrace,Qijiang,China,,575
497,Almira,Varley,avarleyds@reverbnation.com,945-216-5607,3 East Center,Lamam,Laos,,813
498,Mora,Gebhardt,mgebhardtdt@sogou.com,793-290-1011,47 Division Park,Longbei,China,,673
499,Randene,Bloxham,rbloxhamdu@utexas.edu,775-813-7043,245 Londonderry Lane,Sirnasari,Indonesia,,628
500,Alex,Woolforde,awoolfordedv@ibm.com,567-620-5387,3613 Hudson Pass,Habingkloang,Indonesia,,12
501,Saloma,Banasiak,sbanasiakdw@huffingtonpost.com,370-318-1823,96473 Summit Trail,Si Prachan,Thailand,72140,460
502,Donny,Low,dlowdx@uol.com.br,892-379-8014,61578 Sage Lane,Zhujiapu,China,,247
503,Bernardine,Boscher,bboscherdy@hexun.com,911-743-1212,36 Randy Crossing,Piritiba,Brazil,44830-000,139
504,Tallulah,Marques,tmarquesdz@google.pl,265-459-6199,23302 Victoria Point,Jianqiao,China,,479
505,Ana,Scoular,ascoulare0@mapy.cz,390-923-5715,5 Waubesa Terrace,Libao,China,,133
506,Malanie,Bather,mbathere1@yellowpages.com,367-743-1365,81090 Truax Drive,Cortiços,Portugal,4745-616,959
507,Carree,Vernham,cvernhame2@ovh.net,971-768-4500,28 Clyde Gallagher Pass,Portland,United States,97255,293
508,Tracey,Fairrie,tfairriee3@yellowpages.com,724-306-2557,96 Esch Lane,Bilicenii Vechi,Moldova,MD-6214,173
509,Amie,Hutchcraft,ahutchcrafte4@stanford.edu,834-840-5004,649 Brown Street,Itaparica,Brazil,44460-000,805
510,Renee,Hawford,rhawforde5@over-blog.com,352-382-8535,51576 Acker Junction,Kiên Lương,Vietnam,,591
511,Lauralee,McMenamin,lmcmenamine6@auda.org.au,824-429-3220,4 Victoria Way,Baishi,China,,764
512,Jade,McCowen,jmccowene7@geocities.com,352-906-0372,00613 Waxwing Avenue,Kayunga,Uganda,,559
513,Nehemiah,Costley,ncostleye8@unblog.fr,537-965-3574,5 Lien Junction,Madaoua,Niger,,552
514,Marc,Pett,mpette9@howstuffworks.com,638-861-3534,9762 Hooker Plaza,Oslo,Norway,0280,856
515,Justus,Yonge,jyongeea@ox.ac.uk,199-877-8936,1 Delladonna Place,Xialaxiu,China,,960
516,Scot,Arnholtz,sarnholtzeb@go.com,391-355-1480,910 Petterle Hill,Tuapukan,Indonesia,,65
517,Larina,Horsburgh,lhorsburghec@i2i.jp,263-846-9935,78 Luster Center,Antsirabe,Madagascar,,225
518,Millisent,Theseira,mtheseiraed@github.com,550-233-9214,30392 Novick Road,Ińsko,Poland,73-140,598
519,Penny,Burdin,pburdinee@unicef.org,576-607-0227,64787 Florence Hill,Huangkeng,China,,315
520,Cirillo,Borless,cborlessef@csmonitor.com,411-900-4646,2204 Tomscot Alley,Paço de Arcos,Portugal,2770-005,123
521,Audry,Hellewell,ahellewelleg@miibeian.gov.cn,330-955-1472,2334 Jenifer Lane,Sotnikovskoye,Russia,356403,585
522,Roth,McGlynn,rmcglynneh@unicef.org,363-955-0197,00098 Annamark Parkway,Nagaoka,Japan,999-2222,714
523,Cynthie,Pritchett,cpritchettei@deliciousdays.com,952-985-6297,414 Forest Run Terrace,Gananoque,Canada,K7G,913
524,Nessy,Boulger,nboulgerej@narod.ru,525-105-6044,000 Paget Place,Alkmaar,Netherlands,1814,678
525,Herve,Batisse,hbatisseek@artisteer.com,760-141-6737,9536 Kings Trail,Yuta,Palestinian Territory,,712
526,Flo,McIlraith,fmcilraithel@scientificamerican.com,591-326-8409,0799 Union Avenue,Mionica,Bosnia and Herzegovina,,295
527,Jae,Falco,jfalcoem@about.com,289-879-7642,59673 Algoma Place,Baykonyr,Kazakhstan,,800
528,Laureen,Gresley,lgresleyen@delicious.com,498-468-8526,62508 Barnett Terrace,Puyang,China,,971
529,Kari,Spillett,kspilletteo@ask.com,288-800-8398,12212 Annamark Way,Ipaba,Brazil,35198-000,83
530,Tobi,Pembridge,tpembridgeep@loc.gov,293-783-5763,30381 Kenwood Trail,Bayzhansay,Kazakhstan,,418
531,Clarisse,Ourtic,courticeq@senate.gov,869-715-9815,88179 Granby Trail,Nova Granada,Brazil,15440-000,876
532,Toni,Couper,tcouperer@craigslist.org,998-883-4116,302 Mariners Cove Point,Nanshe,China,,724
533,Cally,Mainz,cmainzes@ask.com,431-171-0260,1 Northland Road,Haninge,Sweden,136 49,783
534,Kalindi,Jocelyn,kjocelynet@alexa.com,863-512-8434,3 Forest Run Lane,Jaguimitan,Philippines,1664,86
535,Vidovik,Zimek,vzimekeu@flavors.me,668-534-2987,4487 Mosinee Street,Abbotsford,Canada,L9T,360
536,Margo,O' Brian,mobrianev@scribd.com,277-178-5504,56 Eastlawn Drive,Oslo,Norway,0216,701
537,Tilda,Copland,tcoplandew@army.mil,669-904-1573,6 Portage Street,Ribeiro,Portugal,3465-132,231
538,Orin,Vooght,ovooghtex@goo.ne.jp,998-892-1549,0505 Shoshone Crossing,Ronfe,Portugal,4805-358,918
539,Blinny,Stainfield,bstainfieldey@ed.gov,621-597-9753,1414 Buell Street,Särö,Sweden,429 42,980
540,Myrtle,Davy,mdavyez@mediafire.com,739-706-5586,81108 Sullivan Way,Sikasso,Mali,,71
541,Ingar,Harbin,iharbinf0@123-reg.co.uk,898-775-6626,86316 Division Parkway,Tabuating,Philippines,1279,916
542,Chuck,McHarry,cmcharryf1@abc.net.au,821-457-8176,915 Washington Circle,Tula,Russia,300999,730
543,Tabbie,Pow,tpowf2@yahoo.co.jp,505-754-3149,6 Union Place,Az Zarbah,Syria,,691
544,Kirby,Pristnor,kpristnorf3@geocities.jp,377-750-8971,7 Bayside Road,Shirgjan,Albania,,565
545,Frasquito,Giovannelli,fgiovannellif4@nationalgeographic.com,692-453-5890,1447 Vera Terrace,Sedati,Indonesia,,98
546,Irvine,Duddan,iduddanf5@arizona.edu,118-975-7529,55967 Muir Parkway,Kushovë,Albania,,400
547,Araldo,Duferie,aduferief6@aboutads.info,221-948-2499,4596 Messerschmidt Parkway,Chaloem Phra Kiat,Thailand,30370,264
548,Kellina,Foynes,kfoynesf7@army.mil,989-158-6494,62743 Anthes Court,Saginaw,United States,48604,996
549,Tilly,Storkes,tstorkesf8@amazonaws.com,440-901-3270,3849 Coleman Trail,Garbów,Poland,21-080,662
550,Alfi,Figurski,afigurskif9@sina.com.cn,745-335-4520,3 Swallow Court,Shanghuang,China,,16
551,Carma,Abeles,cabelesfa@independent.co.uk,475-297-4623,23139 Stuart Park,Zhongdeng,China,,537
552,Lisetta,Jeaneau,ljeaneaufb@slate.com,715-317-3897,5770 Buell Alley,Wanxian,China,,571
553,Lilith,Furniss,lfurnissfc@jigsy.com,546-405-5588,92 Sullivan Drive,Voznesen’ye,Russia,187750,600
554,Clevey,Baldung,cbaldungfd@imdb.com,760-998-8630,06 Memorial Lane,Fāryāb,Iran,,267
555,Mead,McVeighty,mmcveightyfe@canalblog.com,637-834-4992,8 Novick Road,Topory,Ukraine,,578
556,Michaeline,Pettitt,mpettittff@360.cn,985-484-9929,66977 Steensland Pass,Bi’r al ‘Abd,Egypt,,196
557,Adan,Ship,ashipfg@example.com,995-293-9945,8899 Sunnyside Drive,Béthune,France,62411 CEDEX,659
558,Wilhelmina,Pagen,wpagenfh@lycos.com,346-302-5809,0 Moose Court,Hepo,China,,87
559,Allin,Kach,akachfi@soundcloud.com,602-767-7290,117 Darwin Pass,Nhơn Trạch,Vietnam,,451
560,Jodi,Rylance,jrylancefj@123-reg.co.uk,815-636-4144,974 Rutledge Court,Joliet,United States,60435,480
561,Alene,Mival,amivalfk@epa.gov,348-283-1534,654 Transport Circle,Fuwah,Egypt,,129
562,Genevieve,Blancowe,gblancowefl@diigo.com,468-473-2588,12 Artisan Parkway,Kidangbang,Indonesia,,656
563,Miner,Grasha,mgrashafm@mail.ru,549-178-0179,21558 Melody Junction,Gyigang,China,,595
564,Reiko,Waghorne,rwaghornefn@hp.com,829-797-5439,39651 Morning Crossing,Şabrātah,Libya,,76
565,Ruth,Papaccio,rpapacciofo@omniture.com,944-684-8109,20 Manley Parkway,Boljevac,Serbia,,536
566,Frankie,Mauser,fmauserfp@hubpages.com,542-701-1354,511 Gulseth Point,Santo Domingo,Dominican Republic,11205,358
567,Raul,Terram,rterramfq@cbslocal.com,678-394-3723,9 Hollow Ridge Circle,Decatur,United States,30033,656
568,Darryl,Deyes,ddeyesfr@youtube.com,640-914-7858,9 Shelley Way,Campo Largo,Argentina,3716,625
569,Nikkie,Yandell,nyandellfs@wikia.com,714-366-1329,8011 Sutherland Street,Avarua,Cook Islands,,187
570,Barnaby,Kopecka,bkopeckaft@storify.com,794-583-9957,15729 Cardinal Street,Los Andes,Chile,,395
571,Hew,Kenshole,hkensholefu@shutterfly.com,795-410-5784,51 Fair Oaks Junction,Kaduheuleut,Indonesia,,611
572,Marchall,Drayton,mdraytonfv@hp.com,695-790-5175,600 Beilfuss Way,Carcar,Philippines,1637,504
573,Sumner,Couper,scouperfw@google.com.br,747-881-1090,95 Kensington Junction,Lagodekhi,Georgia,,500
574,Boothe,Albertson,balbertsonfx@jalbum.net,852-489-1109,65233 Pepper Wood Plaza,Burlatskoye,Russia,356401,742
575,Estelle,Fallens,efallensfy@linkedin.com,432-207-0284,07149 Esker Avenue,Zdiby,Czech Republic,250 66,12
576,Klaus,Hallmark,khallmarkfz@indiegogo.com,508-496-4357,9666 Emmet Way,Youcheng,China,,821
577,Teddy,Banner,tbannerg0@alexa.com,306-124-4595,1823 Londonderry Lane,Curug,Indonesia,,2
578,Herbert,Connock,hconnockg1@unesco.org,466-448-4485,5 Menomonie Lane,Huaibei,China,,618
579,Silva,Eslinger,seslingerg2@opensource.org,850-624-5887,27159 West Junction,Hodoš,Slovenia,9204,867
580,Hersch,Largan,hlargang3@livejournal.com,883-298-3753,0 Elka Point,Bousso,Chad,,935
581,Tuesday,Selly,tsellyg4@si.edu,579-696-4766,7 Susan Parkway,Neebing,Canada,P7L,395
582,Donavon,Dedden,ddeddeng5@homestead.com,691-625-1761,83 Mosinee Point,Orahovac,Kosovo,,711
583,Brittan,Wane,bwaneg6@vimeo.com,408-662-3313,69128 Eagan Point,Siverskiy,Russia,188355,339
584,Stanfield,Lody,slodyg7@psu.edu,205-249-1864,2 Carpenter Street,Zhaodong,China,,223
585,Camille,Artinstall,cartinstallg8@loc.gov,785-593-4282,4 Buhler Center,Ḏânan,Djibouti,,70
586,Aharon,Lillie,alillieg9@msn.com,358-432-4357,37983 Hoepker Hill,Orlovat,Serbia,,592
587,Kristoffer,Woodus,kwoodusga@cam.ac.uk,497-467-0700,8838 Bartelt Place,Ḏânan,Djibouti,,49
588,Stafford,Hulme,shulmegb@cloudflare.com,633-298-8857,260 Lakewood Gardens Center,Lingquan,China,,474
589,Delilah,Skuce,dskucegc@aol.com,780-825-3997,72636 Sage Street,Ikey,Russia,665229,467
590,Koo,Kinset,kkinsetgd@aboutads.info,878-407-6577,8 7th Terrace,Panay,Philippines,5801,719
591,Johannes,Yoakley,jyoakleyge@blogs.com,229-341-0146,180 Pine View Point,Monastyrshchina,Russia,603024,279
592,Phillis,Handlin,phandlingf@gnu.org,641-561-2745,4751 Merchant Drive,Bungbulang,Indonesia,,863
593,Leif,Curtin,lcurtingg@wisc.edu,553-897-7639,3138 Pierstorff Point,Tshela,Democratic Republic of the Congo,,664
594,Pren,Surgood,psurgoodgh@jimdo.com,232-205-5486,17563 Independence Circle,Lafia,Nigeria,,923
595,Marlon,Briiginshaw,mbriiginshawgi@miibeian.gov.cn,891-896-7691,252 Fulton Circle,Sviblovo,Russia,607224,605
596,Sileas,Ainslee,sainsleegj@va.gov,337-569-7352,28381 Artisan Center,Kvitok,Russia,665081,742
597,Stevie,Sotheron,ssotherongk@mlb.com,237-683-8900,02 Morning Parkway,Afonsoeiro,Portugal,2870-013,359
598,Myca,Fotherby,mfotherbygl@thetimes.co.uk,416-401-2568,60050 Fieldstone Park,Melaka,Malaysia,75648,198
599,Moritz,Joskovitch,mjoskovitchgm@mlb.com,602-568-6146,01 Larry Point,Shencun,China,,421
600,Brandy,Marcam,bmarcamgn@virginia.edu,970-316-2761,19680 Dovetail Center,Urcos,Peru,,932
601,Lurleen,Simko,lsimkogo@fc2.com,790-113-7949,4187 Butternut Street,Viñac,Peru,,554
602,Ingar,Garbott,igarbottgp@loc.gov,391-766-0981,6 Maple Point,Shevchenkove,Ukraine,,864
603,Shawna,Neljes,sneljesgq@godaddy.com,143-429-6720,83 Lakewood Parkway,Shikhazany,Russia,429315,60
604,Therese,Garfit,tgarfitgr@creativecommons.org,613-387-5261,16297 Pearson Park,Kaz,Russia,652930,367
605,Betty,Polglase,bpolglasegs@ucla.edu,838-866-7848,83 Cardinal Center,Saqqez,Iran,,240
606,Othelia,O'Hickey,oohickeygt@google.it,441-168-5808,4903 Moland Circle,Wates,Indonesia,,256
607,Putnam,Checkley,pcheckleygu@about.me,508-866-3870,77 International Avenue,Châtillon,France,92324 CEDEX,219
608,Jewel,Pow,jpowgv@printfriendly.com,283-237-1379,003 Goodland Way,Veinticinco de Mayo,Argentina,8201,134
609,Lesley,Jenno,ljennogw@g.co,734-527-1665,3177 Kenwood Parkway,Tanahwurung,Indonesia,,302
610,Sayre,Villiers,svilliersgx@sfgate.com,568-316-4881,632 John Wall Place,Āsasa,Ethiopia,,337
611,Ibbie,Agutter,iaguttergy@webs.com,802-648-4350,71820 Jenifer Trail,Maloma,Philippines,3110,675
612,Ernestine,O'Keaveny,eokeavenygz@flavors.me,981-483-6318,57479 Maple Wood Way,Sorol,Micronesia,,937
613,Wolfie,Sowten,wsowtenh0@imgur.com,803-487-3888,18 Independence Crossing,Yuanyang,China,,121
614,Marcel,Dodswell,mdodswellh1@imgur.com,485-264-7656,92927 South Junction,Dayang,China,,765
615,Pietro,Form,pformh2@msu.edu,260-954-0676,6973 Pennsylvania Crossing,Jiuting,China,,826
616,Konstance,Pales,kpalesh3@mlb.com,817-560-9842,564 Ryan Road,Jarabacoa,Dominican Republic,10801,245
617,Jamima,Dmych,jdmychh4@youtu.be,722-663-0216,8061 Barby Lane,Tarnogskiy Gorodok,Russia,161560,964
618,Darda,Guiraud,dguiraudh5@japanpost.jp,281-793-9383,8980 Norway Maple Plaza,Pakuwon,Indonesia,,689
619,Julee,Vedeshkin,jvedeshkinh6@apple.com,112-959-7803,65 East Point,Matamey,Niger,,254
620,Jecho,Hustings,jhustingsh7@wiley.com,649-461-1616,179 Oak Drive,Campelos,Portugal,2565-035,522
621,Annetta,Anscott,aanscotth8@cargocollective.com,164-233-1332,5027 Randy Lane,Baihe,China,,57
622,Janith,Di Francesco,jdifrancescoh9@buzzfeed.com,266-408-6518,379 Forest Run Drive,Starobaltachevo,Russia,452988,926
623,Nicola,Ajean,najeanha@surveymonkey.com,281-536-7847,4991 Dapin Parkway,Łeba,Poland,84-360,437
624,Gabriel,Goncaves,ggoncaveshb@photobucket.com,301-536-2939,012 Merry Circle,Semīrom,Iran,,396
625,Carolan,Vannuchi,cvannuchihc@google.de,381-522-9014,2051 Duke Junction,Chulakivka,Ukraine,,747
626,Gregoor,Jehaes,gjehaeshd@reference.com,250-224-7544,08 2nd Place,Bogotá,Colombia,111831,801
627,Elie,Tommasi,etommasihe@noaa.gov,761-549-3608,929 Eggendart Way,Sibayo,Peru,,459
628,Blondie,Mauser,bmauserhf@japanpost.jp,885-235-4783,58 Scofield Point,Alexandria,Egypt,,295
629,Lamar,Philp,lphilphg@gnu.org,389-958-5233,23 Bonner Court,Palca,Peru,,122
630,Demetrius,Mowson,dmowsonhh@myspace.com,378-910-6865,2 Scoville Plaza,Olinda,Brazil,53000-000,346
631,Eimile,McCuffie,emccuffiehi@artisteer.com,452-255-3730,23629 Wayridge Center,Zagreb - Centar,Croatia,10020,512
632,Ivett,Relph,irelphhj@telegraph.co.uk,536-117-2153,46 Northport Terrace,Nambak Tengah,Indonesia,,19
633,Elicia,Willishire,ewillishirehk@delicious.com,963-640-2619,3907 Melby Court,Wolofeo,Indonesia,,155
634,Adriane,Solland,asollandhl@ed.gov,922-436-4577,7 Red Cloud Parkway,Tsákoi,Greece,,517
635,Arman,Braithwaite,abraithwaitehm@mozilla.org,722-501-3870,9262 Burrows Center,Virje,Croatia,48326,177
636,Morgan,Brownett,mbrownetthn@simplemachines.org,590-574-1601,54351 Namekagon Road,Provatás,Greece,,995
637,Noelani,Greenig,ngreenigho@wix.com,469-686-4197,6 Dottie Road,Yishi,China,,874
638,Benoit,Bowcher,bbowcherhp@godaddy.com,405-442-6225,034 Shoshone Point,Oklahoma City,United States,73167,213
639,Maria,Pinkerton,mpinkertonhq@state.tx.us,404-305-0921,28 Onsgard Crossing,Valença do Douro,Portugal,5120-504,758
640,Ralph,Rule,rrulehr@vistaprint.com,328-181-5410,82 Nobel Drive,Aix-en-Provence,France,13095 CEDEX 2,879
641,Paul,Newburn,pnewburnhs@themeforest.net,646-209-2029,01316 Burning Wood Point,New York City,United States,10045,641
642,Klaus,Slewcock,kslewcockht@about.me,974-731-2938,1143 Pearson Terrace,Australia Square,Australia,1213,478
643,Lion,Le Guin,lleguinhu@tripadvisor.com,335-795-3971,77491 Washington Plaza,Thepharak,Thailand,85130,817
644,Peder,Huegett,phuegetthv@loc.gov,636-393-4454,2396 Oak Avenue,Gangmei,China,,843
645,Barnebas,Dalgarno,bdalgarnohw@hubpages.com,275-542-3978,666 Fordem Drive,Chão de Couce,Portugal,3240-466,167
646,Alex,Jevon,ajevonhx@nature.com,528-498-9719,3 7th Road,Praia Grande,Brazil,11700-000,481
647,Abba,Wimpey,awimpeyhy@disqus.com,676-392-7184,4822 Lukken Crossing,Bov,Bulgaria,2271,759
648,Jacob,Rounds,jroundshz@elpais.com,276-361-1353,9139 Maywood Place,Watsa,Democratic Republic of the Congo,,507
649,Haroun,Lathe,hlathei0@google.ru,782-462-4938,806 Ronald Regan Center,Driefontein,South Africa,4142,36
650,Averill,Sackler,asackleri1@eventbrite.com,735-259-1062,470 Reinke Trail,Hexi,China,,471
651,Emelda,Wudeland,ewudelandi2@rambler.ru,430-863-3732,36124 Goodland Trail,Zhangjiafan,China,,983
652,Alina,Berr,aberri3@cargocollective.com,616-162-2500,66 Nancy Junction,Grand Rapids,United States,49544,211
653,Padraic,Giovannini,pgiovanninii4@comsenz.com,904-923-5099,07 Anthes Park,Colima,Costa Rica,11305,374
654,Cliff,Erat,cerati5@pcworld.com,683-184-8028,42616 Sauthoff Road,Puubheto,Indonesia,,591
655,Estele,Rablin,erablini6@multiply.com,437-479-7297,4 Alpine Trail,Xarag,China,,779
656,Donovan,Colvine,dcolvinei7@virginia.edu,693-863-7279,87 Corben Street,Aygezard,Armenia,,316
657,Gnni,Jellett,gjelletti8@domainmarket.com,337-290-8265,0943 Briar Crest Pass,Santo António da Charneca,Portugal,2835-496,993
658,Cass,Towne,ctownei9@nps.gov,680-362-3472,6798 Jenifer Drive,Rauco,Chile,,64
659,Violante,Cootes,vcootesia@wix.com,578-973-9203,55290 Claremont Terrace,Cakungsari,Indonesia,,601
660,Betty,Haberjam,bhaberjamib@sitemeter.com,574-409-0815,976 Cottonwood Junction,Ocucaje,Peru,,591
661,Abby,Sammonds,asammondsic@infoseek.co.jp,418-437-4604,3 Eastlawn Trail,Tianqian,China,,295
662,Orson,Harrill,oharrillid@google.com,481-730-9583,9 Iowa Crossing,Biryulëvo Zapadnoye,Russia,396689,376
663,Amara,Kun,akunie@ebay.com,298-965-2165,4 Mayer Lane,Lakki Marwat,Pakistan,28420,276
664,Cari,Woolliams,cwoolliamsif@weebly.com,945-143-0479,374 Muir Crossing,Tempursari Wetan,Indonesia,,655
665,Birdie,Sibyllina,bsibyllinaig@ow.ly,965-881-8967,6 Nobel Trail,Nong Bua,Thailand,60110,490
666,Jeannie,Cruft,jcruftih@cloudflare.com,581-825-0440,56 Leroy Court,Anyu,China,,776
667,Pat,Lagde,plagdeii@linkedin.com,250-114-7573,9 Barnett Terrace,Bilicenii Vechi,Moldova,MD-6214,733
668,Shandie,Curds,scurdsij@adobe.com,505-832-0806,154 Mesta Park,Vermil,Portugal,4805-550,367
669,Robina,Dunniom,rdunniomik@cpanel.net,634-764-1724,0 Meadow Valley Plaza,Canmore,Canada,T1W,360
670,Catrina,Orhtmann,corhtmannil@vkontakte.ru,162-658-9522,8 Magdeline Center,Longgang,China,,285
671,Tannie,Healings,thealingsim@cdbaby.com,936-793-3510,52 Vermont Center,Luhačovice,Czech Republic,763 26,345
672,Lionel,Titcumb,ltitcumbin@creativecommons.org,508-602-0196,393 Dovetail Pass,Lianhe,China,,67
673,Doris,Baxill,dbaxillio@usatoday.com,617-423-4303,40 Anhalt Crossing,Xiaolin,China,,643
674,Napoleon,Deavall,ndeavallip@linkedin.com,477-968-2692,88 Waywood Avenue,Kumbo,Cameroon,,810
675,Wes,Domeny,wdomenyiq@indiatimes.com,644-472-5955,620 Ruskin Lane,Wenquan,China,,442
676,Tabbitha,Pinilla,tpinillair@oakley.com,267-949-5394,542 Golden Leaf Street,Bang Racham,Thailand,16130,671
677,Jourdain,Reddings,jreddingsis@google.es,193-712-2378,386 Comanche Park,Junliangcheng,China,,619
678,Germana,Mellon,gmellonit@illinois.edu,846-429-7705,0293 School Terrace,Sājūr,Israel,,794
679,Dennis,Spinney,dspinneyiu@sun.com,196-535-3572,898 Kings Crossing,Paatan,Philippines,9406,172
680,Marijo,Kilmary,mkilmaryiv@hostgator.com,301-102-5016,7 Forest Dale Avenue,Petite Rivière de Nippes,Haiti,,267
681,Gill,Bassil,gbassiliw@pagesperso-orange.fr,692-922-9874,5202 Clove Hill,Konstantynów,Poland,21-543,797
682,Tamqrah,Dalrymple,tdalrympleix@studiopress.com,890-377-3519,606 Bunting Road,Vyborg,Russia,188919,404
683,Wait,Mollatt,wmollattiy@mayoclinic.com,653-943-9479,58 Packers Terrace,Mhango,Tanzania,,934
684,Beulah,Hugues,bhuguesiz@skype.com,958-960-6086,1789 Lillian Parkway,Tuanshansi,China,,242
685,Jenn,Terne,jternej0@virginia.edu,385-717-6189,78404 Hoffman Hill,Girsereng,Indonesia,,770
686,Jenifer,Glusby,jglusbyj1@telegraph.co.uk,506-276-3565,7 Brentwood Terrace,Kilifarevo,Bulgaria,5056,287
687,Ethelbert,Jeaves,ejeavesj2@slashdot.org,229-823-6244,3 Fairview Avenue,Stord,Norway,5406,355
688,Leann,Oels,loelsj3@irs.gov,306-394-8988,30218 Hollow Ridge Hill,Otra Banda,Dominican Republic,11805,999
689,Shayna,Form,sformj4@skype.com,731-578-7284,68479 Sheridan Crossing,Sufang,China,,40
690,Haley,Brastead,hbrasteadj5@noaa.gov,497-549-6199,086 Thierer Junction,Lavandeira,Portugal,4950-208,495
691,Angil,Draijer,adraijerj6@1688.com,482-205-9043,316 Marcy Parkway,Xiabaishi,China,,600
692,Faulkner,Rhead,frheadj7@reuters.com,110-177-6667,335 Kensington Drive,Wonorejo,Indonesia,,21
693,Mariya,Traske,mtraskej8@webs.com,944-344-6955,5 Melby Circle,Mosty,Poland,84-353,787
694,Felipe,Iddiens,fiddiensj9@aboutads.info,505-179-9831,3977 Basil Street,Telnice,Czech Republic,664 59,372
695,Kalinda,Stiger,kstigerja@mayoclinic.com,616-689-4535,4 High Crossing Terrace,Nariño,Colombia,252837,91
696,Paulina,Mulcaster,pmulcasterjb@mozilla.com,258-491-4706,271 Forest Point,Taiping,China,,448
697,Kermie,Orro,korrojc@lycos.com,443-581-8199,893 Lawn Park,Zagnitkiv,Ukraine,,826
698,Kris,Webermann,kwebermannjd@privacy.gov.au,845-570-0092,53 Canary Way,Novoaltaysk,Russia,658089,421
699,Catrina,Abrahm,cabrahmje@columbia.edu,293-684-3860,4 Thackeray Park,Kīsh,Iran,,485
700,Alana,Cooch,acoochjf@springer.com,130-639-2120,4 Farragut Lane,Xuwei,China,,559
701,Rog,Adriaens,radriaensjg@state.gov,719-210-7279,3479 Stoughton Hill,Zürich,Switzerland,8088,278
702,Ruddy,Masic,rmasicjh@mlb.com,569-250-8496,3806 Almo Street,Beitan,China,,698
703,Nelly,Dougary,ndougaryji@pbs.org,432-952-2985,785 Harper Road,Gabahan,Indonesia,,759
704,Florrie,Bredee,fbredeejj@github.com,570-508-2582,70 Fremont Hill,Viekšniai,Lithuania,89094,824
705,Happy,Allcock,hallcockjk@ftc.gov,892-833-6921,5814 Kings Place,Saraktash,Russia,462159,542
706,Val,Russilll,vrussillljl@nymag.com,959-172-2652,313 Veith Junction,Mriyunan,Indonesia,,172
707,Viviene,Deeble,vdeeblejm@shop-pro.jp,312-362-4335,2541 Marquette Junction,Penitik,Indonesia,,281
708,Silvano,Auton,sautonjn@pbs.org,236-628-9309,337 Everett Hill,Frederiksberg,Denmark,1812,468
709,Alyce,Ximenez,aximenezjo@adobe.com,269-758-2828,2 Sommers Terrace,Balma,France,31139 CEDEX,783
710,Dayna,Holyland,dholylandjp@barnesandnoble.com,649-813-8180,295 Almo Parkway,Wangping,China,,941
711,Joye,Stalley,jstalleyjq@mysql.com,800-678-3073,6 Towne Court,Cullhuas,Peru,,324
712,Alan,Moncarr,amoncarrjr@flickr.com,960-609-9881,0 4th Lane,Bantuanon,Philippines,6311,136
713,Harvey,Jersch,hjerschjs@mlb.com,609-769-3487,00088 Pine View Junction,Bohutín,Czech Republic,789 62,533
714,Curr,Semaine,csemainejt@illinois.edu,442-929-0218,72307 Dawn Way,Huyuan,China,,942
715,Cindy,Yakebovich,cyakebovichju@usa.gov,108-713-5194,7452 Sherman Center,Broshniv-Osada,Ukraine,,895
716,Kalle,Pulley,kpulleyjv@gov.uk,567-761-0792,825 Hooker Pass,Telêmaco Borba,Brazil,84260-000,275
717,Nicholle,Swepstone,nswepstonejw@sakura.ne.jp,556-187-1440,8958 Monument Way,Jinshan,China,,100
718,Merry,Joerning,mjoerningjx@arstechnica.com,337-213-9736,96 Delladonna Alley,Yamada,Japan,999-6861,867
719,Molli,Duchan,mduchanjy@hao123.com,242-153-4259,0 Coolidge Lane,Zhoinda,China,,310
720,Burty,Pagan,bpaganjz@fda.gov,720-517-1162,836 Pearson Way,Toba,Serbia,,878
721,Kendra,Leaton,kleatonk0@theatlantic.com,953-749-3653,51 Eastlawn Crossing,Al Quşayr,Egypt,,222
722,Jennica,Halton,jhaltonk1@artisteer.com,269-151-1704,49 Sundown Park,San Juan del Cesar,Colombia,444038,946
723,Berget,Hanse,bhansek2@ca.gov,625-824-4606,446 Clarendon Crossing,Kalangala,Uganda,,137
724,Mitchel,Thaxter,mthaxterk3@skyrock.com,743-704-9523,09135 American Ash Lane,Korop,Ukraine,,505
725,Daniel,Farmar,dfarmark4@merriam-webster.com,579-714-4651,52371 Saint Paul Plaza,Borovany,Czech Republic,348 02,992
726,Bella,Sherman,bshermank5@merriam-webster.com,688-968-5759,9 Nevada Court,Sampagar,Philippines,1160,107
727,Ethelbert,Swaton,eswatonk6@skyrock.com,696-639-9467,627 Gulseth Alley,Caocun,China,,101
728,Neill,McFayden,nmcfaydenk7@123-reg.co.uk,709-349-4463,5 Pleasure Plaza,Cloyne,Ireland,P81,759
729,Kathy,Gumery,kgumeryk8@goodreads.com,547-679-7977,70715 Shasta Trail,Zibu,China,,914
730,Brion,Willden,bwilldenk9@harvard.edu,178-837-2212,85 Old Shore Plaza,Cirangkong,Indonesia,,468
731,Derrik,Yukhnov,dyukhnovka@e-recht24.de,691-613-4340,5 Walton Drive,Novi Beograd,Serbia,,562
732,Darwin,Panks,dpankskb@scientificamerican.com,961-686-0368,642 Fremont Alley,Dagui,China,,302
733,Tedie,Cribbott,tcribbottkc@over-blog.com,478-189-7547,9956 Loomis Way,Cihaur,Indonesia,,253
734,Albie,Blewett,ablewettkd@cam.ac.uk,757-225-0951,271 Union Court,Toulon,France,83040 CEDEX 9,437
735,Querida,Moyser,qmoyserke@ucoz.com,381-161-9404,38 Scoville Crossing,Gamut,Philippines,8308,397
736,Ellswerth,Face,efacekf@networkadvertising.org,821-837-6731,36 Hermina Terrace,Châu Thành,Vietnam,,595
737,Burty,Denzey,bdenzeykg@mapy.cz,652-552-4886,90855 Melvin Terrace,Hongshan,China,,858
738,Rodney,Gove,rgovekh@dyndns.org,749-809-4826,4855 Canary Junction,Janagdong,Philippines,1808,809
739,Fayth,Coldbreath,fcoldbreathki@answers.com,628-969-6605,4 Di Loreto Park,Pucara,Peru,,814
740,Boycie,Seabright,bseabrightkj@examiner.com,423-493-8959,43151 Fairfield Park,Huangbei,China,,821
741,Alfie,Jardin,ajardinkk@last.fm,797-688-2067,75 Northport Point,Ala,China,,807
742,Teddi,Kringe,tkringekl@usda.gov,655-447-4946,3756 Stone Corner Crossing,Erhe,China,,272
743,Jerri,Henrionot,jhenrionotkm@woothemes.com,204-992-4725,15318 Fairfield Circle,Kukuluk,Indonesia,,391
744,Lucias,Brewitt,lbrewittkn@whitehouse.gov,710-839-2056,5 Canary Drive,Strängnäs,Sweden,645 51,495
745,Celestyna,Mayho,cmayhoko@geocities.com,340-260-5155,42085 Fallview Junction,Xialaba,China,,746
746,Pembroke,Arendsen,parendsenkp@xrea.com,826-132-8374,3 Starling Terrace,Mujur,Indonesia,,515
747,Kirby,Wogden,kwogdenkq@shop-pro.jp,928-579-9873,8 Briar Crest Park,Nansheng,China,,78
748,Veronique,Bridge,vbridgekr@dell.com,692-940-6932,6785 Veith Place,Villa Ascasubi,Argentina,5935,471
749,Jermaine,Lesly,jleslyks@csmonitor.com,148-304-0287,929 Butternut Court,Xuebu,China,,720
750,Jerrome,Lehr,jlehrkt@reference.com,411-481-3422,35 Lerdahl Parkway,San Cristobal,Cuba,,44
751,Hope,Davys,hdavysku@opera.com,241-653-1966,327 Quincy Parkway,Nalinggou,China,,26
752,Wenda,Pridham,wpridhamkv@google.pl,351-841-1203,65399 Loomis Terrace,Adolfo Lopez Mateos,Mexico,94324,14
753,Andria,Kniveton,aknivetonkw@boston.com,404-645-0911,790 Dovetail Plaza,Gubo,China,,841
754,Hakeem,Alexsandrov,halexsandrovkx@google.nl,397-149-6732,6964 Evergreen Street,Kohlu,Pakistan,83000,179
755,Heywood,Perkis,hperkisky@nymag.com,562-284-0924,7729 Miller Plaza,Seogeom-ri,South Korea,,956
756,Filmore,Steanson,fsteansonkz@cbslocal.com,656-305-4687,40902 Packers Avenue,Tadou,China,,134
757,Lucho,Bambridge,lbambridgel0@alexa.com,940-163-3822,13145 Park Meadow Lane,Yanas,Peru,,436
758,Viki,Rodenhurst,vrodenhurstl1@etsy.com,808-300-6594,420 Eastlawn Hill,Maojiagang,China,,198
759,Shaylah,Lawranson,slawransonl2@vistaprint.com,355-815-2739,2 Armistice Terrace,Pojan,Albania,,785
760,Luz,Feast,lfeastl3@dropbox.com,407-321-2240,69 Tony Lane,Kostanay,Kazakhstan,,240
761,Vina,Llewellyn,vllewellynl4@is.gd,291-347-1137,8860 Muir Street,Itaberaba,Brazil,46880-000,44
762,Mandie,Hofler,mhoflerl5@admin.ch,439-280-3912,981 Moose Road,Qili,China,,237
763,Kylen,Bealing,kbealingl6@walmart.com,325-216-2760,49 Carey Lane,Bongao,Philippines,7500,968
764,Meredith,Kincade,mkincadel7@imgur.com,182-493-1364,4845 Evergreen Place,Broniszewice,Poland,63-304,144
765,Faustine,Attenborrow,fattenborrowl8@eepurl.com,466-575-4547,674 Oxford Road,Karengan,Indonesia,,287
766,Karna,Coupland,kcouplandl9@walmart.com,806-914-5576,9034 Memorial Avenue,Itaberaba,Brazil,46880-000,644
767,Minny,Fleis,mfleisla@deviantart.com,302-694-7604,3 Rutledge Court,Sarnia,Canada,N7V,781
768,Trumann,Bartusek,tbartuseklb@buzzfeed.com,519-504-9408,3079 Moland Lane,Paraguaçu,Brazil,37120-000,382
769,Sibylla,Littlecote,slittlecotelc@gnu.org,245-743-7379,27 Sauthoff Drive,Kvasy,Ukraine,,314
770,Mariska,O'Dunneen,modunneenld@ameblo.jp,694-398-5587,8168 Kipling Park,Noveleta,Philippines,4105,294
771,Coletta,Boor,cboorle@patch.com,709-194-7601,5 Karstens Pass,Yên Mỹ,Vietnam,,313
772,John,Michelin,jmichelinlf@ihg.com,827-204-9066,059 Emmet Place,Lilongwe,Malawi,,20
773,Kerrill,Heaton,kheatonlg@unicef.org,588-688-6025,3 East Center,Meia Via,Portugal,2350-629,634
774,Webster,Slesser,wslesserlh@google.co.uk,892-103-0097,8441 Vera Parkway,Pagnag,China,,408
775,Rutter,Malim,rmalimli@paypal.com,482-478-4290,65 Hansons Plaza,Ustyuzhna,Russia,162810,540
776,Veronike,Bridson,vbridsonlj@cisco.com,712-988-0572,9 Lake View Circle,Chenfangji,China,,567
777,Isabella,Atkinson,iatkinsonlk@columbia.edu,897-844-6917,8819 Rigney Center,Jaguariaíva,Brazil,84200-000,620
778,Mary,Durbyn,mdurbynll@chicagotribune.com,427-878-1221,4617 Northland Junction,Gushikawa,Japan,904-2223,983
779,Ellette,Antonik,eantoniklm@canalblog.com,619-784-1346,20055 Cardinal Way,San Diego,United States,92191,564
780,Fulton,Vasechkin,fvasechkinln@examiner.com,574-125-4032,21 Pleasure Lane,Kiupo,Philippines,1173,274
781,Buck,Cordeau,bcordeaulo@trellian.com,564-225-1191,7 Mallory Street,Beddeng,Philippines,4313,206
782,Julieta,McGiffin,jmcgiffinlp@state.gov,685-423-2535,812 Pepper Wood Junction,Sŭedinenie,Bulgaria,4194,728
783,Persis,Pietersma,ppietersmalq@omniture.com,733-418-0545,213 Arapahoe Crossing,Youludu Sibage,China,,910
784,Corby,McGinnell,cmcginnelllr@yellowbook.com,689-337-6482,329 Eagan Point,Adani,Nigeria,,776
785,Sharity,Domm,sdommls@yale.edu,343-523-0835,74 Clarendon Circle,Lendangara Satu,Indonesia,,98
786,Kalli,O' Neligan,koneliganlt@imdb.com,895-879-7630,7 Summit Parkway,Czarne,Poland,77-330,316
787,Gaven,Dugald,gdugaldlu@craigslist.org,449-732-4734,9277 Monica Hill,Santa Tecla,El Salvador,,864
788,Hieronymus,Cron,hcronlv@ca.gov,557-122-2381,4454 Anniversary Road,Nanzamu,China,,40
789,Mayne,Northway,mnorthwaylw@hp.com,140-922-3512,109 Harbort Trail,Lyubimets,Bulgaria,6522,877
790,Barty,Brettle,bbrettlelx@github.io,583-585-1404,54 Judy Point,Kameoka,Japan,992-0321,819
791,Lorant,Shaxby,lshaxbyly@blogtalkradio.com,526-694-6200,668 Mosinee Terrace,Oliveira,Brazil,35540-000,49
792,Erwin,Cosins,ecosinslz@shinystat.com,771-191-5771,9130 Eagan Terrace,Ticaco,Peru,,550
793,Colly,Hearnden,chearndenm0@liveinternet.ru,496-136-1311,6 Homewood Lane,Zblewo,Poland,83-210,773
794,Wash,Honeyghan,whoneyghanm1@nytimes.com,934-313-8178,36 2nd Alley,Kyenjojo,Uganda,,713
795,Orton,Smorthit,osmorthitm2@liveinternet.ru,498-278-1057,650 Service Avenue,Ejigbo,Nigeria,,956
796,Tore,Shoemark,tshoemarkm3@etsy.com,768-586-3457,21 Barby Center,Bitobe,Indonesia,,240
797,Mill,Pering,mperingm4@infoseek.co.jp,833-651-9693,3 Waubesa Street,Balingueo,Philippines,2419,494
798,Shadow,Vashchenko,svashchenkom5@edublogs.org,342-477-5327,111 Buhler Pass,Tunbao,China,,511
799,Ruddy,Smethurst,rsmethurstm6@rakuten.co.jp,695-313-8343,02 Steensland Terrace,Jām Sāhib,Pakistan,76141,167
800,Babs,Terrell,bterrellm7@fda.gov,128-992-4713,493 Jana Place,Sokółka,Poland,16-101,244
801,Ursola,Scougall,uscougallm8@123-reg.co.uk,515-456-4307,51629 Dakota Road,Mafraq,Jordan,,384
802,Stanislas,Jess,sjessm9@wiley.com,657-275-7272,67 Bay Alley,Lubasz,Poland,64-720,497
803,Pincas,Warters,pwartersma@pcworld.com,534-297-4756,1383 Messerschmidt Alley,Petrijevci,Croatia,31208,249
804,Ulysses,Peal,upealmb@weather.com,490-889-9886,8 Duke Lane,Štoky,Czech Republic,582 53,659
805,Karlotte,Girodon,kgirodonmc@nyu.edu,733-668-6755,28 Helena Avenue,Changzheng,China,,78
806,Goran,Troake,gtroakemd@time.com,182-927-9950,4 Monument Circle,San Isidro,Mexico,54730,843
807,Syd,Ballaam,sballaamme@forbes.com,182-133-0825,22994 Merrick Terrace,Ciputih,Indonesia,,838
808,Jonas,Matthewson,jmatthewsonmf@cocolog-nifty.com,877-664-5476,6 Merchant Parkway,Köln,Germany,50674,73
809,Nehemiah,Kegan,nkeganmg@dailymotion.com,248-628-5164,620 Sheridan Pass,Konga,Indonesia,,531
810,Alexandro,Spedroni,aspedronimh@yellowpages.com,636-499-1200,646 Manitowish Road,Ell,Luxembourg,L-8531,68
811,Katha,Wellesley,kwellesleymi@cdc.gov,707-101-1503,89496 Montana Place,Wanju,South Korea,,770
812,Jone,Yate,jyatemj@wiley.com,100-453-1822,17751 Hallows Junction,Tangzang,China,,194
813,Adolph,Fussie,afussiemk@mail.ru,588-880-4352,24276 Forest Run Point,Borås,Sweden,507 10,467
814,Cristionna,Densie,cdensieml@loc.gov,490-645-7294,7354 Havey Place,Menghai,China,,622
815,Keenan,Twelvetree,ktwelvetreemm@uol.com.br,591-806-5369,40139 East Alley,Pelym,Russia,624582,398
816,Winston,Gronno,wgronnomn@typepad.com,231-306-1976,896 Raven Parkway,Taznakht,Morocco,,284
817,Pancho,Athowe,pathowemo@cnbc.com,528-343-4723,8 Johnson Plaza,Nanzamu,China,,168
818,Benjamin,Mailes,bmailesmp@nbcnews.com,648-858-1779,0 Summerview Parkway,Wādī al ‘Uyūn,Syria,,999
819,Linet,Sciusscietto,lsciussciettomq@reverbnation.com,910-347-1122,4102 Lillian Trail,Manjing,China,,652
820,Darby,Crosland,dcroslandmr@twitter.com,149-925-4755,009 Anthes Way,Camarate,Portugal,2680-005,251
821,Egbert,Disney,edisneyms@zimbio.com,185-774-4144,3 Birchwood Alley,Olsztyn,Poland,42-256,98
822,Robena,Leahy,rleahymt@edublogs.org,737-967-5415,29552 Eagan Avenue,Kwangyang,South Korea,,810
823,Julius,Donson,jdonsonmu@liveinternet.ru,257-108-4405,0 Holmberg Way,Enniskerry,Ireland,D18,496
824,Cyrill,Dykes,cdykesmv@cam.ac.uk,772-780-3648,22 Northfield Avenue,Olszówka,Poland,62-641,825
825,Kaycee,Celes,kcelesmw@bigcartel.com,983-455-6504,799 Pearson Parkway,Stupari,Bosnia and Herzegovina,,591
826,Virgie,Cobon,vcobonmx@goodreads.com,927-197-5926,7927 Nova Park,Longguang,China,,888
827,Eldon,Bales,ebalesmy@shareasale.com,808-951-6349,9684 Scofield Trail,Morrelgonj,Bangladesh,3807,570
828,Yuri,Stolberg,ystolbergmz@time.com,892-504-5473,11542 Oak Point,Alegrete,Brazil,97540-000,833
829,Aaron,Tunkin,atunkinn0@hexun.com,382-938-8381,2043 Macpherson Avenue,Anak,North Korea,,597
830,Ginger,Twoohy,gtwoohyn1@github.io,369-826-5781,141 Lotheville Lane,Burevestnik,Russia,607612,475
831,Genia,Hacard,ghacardn2@bigcartel.com,395-487-9722,53 Butternut Place,Bratislava,Slovakia,851 03,790
832,Pollyanna,Barhems,pbarhemsn3@1688.com,176-612-4212,98 Morning Hill,Seixal,Portugal,2530-254,791
833,Adelheid,Bursell,aburselln4@angelfire.com,514-591-6907,9 Warbler Parkway,Yinjiacheng,China,,360
834,Winni,Guidetti,wguidettin5@tmall.com,674-816-2271,8 Debs Drive,Tyarlevo,Russia,196625,665
835,Farr,Ruggles,frugglesn6@taobao.com,556-649-1161,95 Duke Terrace,Liantan,China,,344
836,Emiline,Antic,eanticn7@google.nl,739-154-5277,13410 Talmadge Place,Akune,Japan,899-1741,924
837,Ferrel,Ginger,fgingern8@google.fr,679-881-4131,9 Portage Crossing,Barreiros,Brazil,55560-000,790
838,Svend,Crannell,scrannelln9@nih.gov,438-628-9670,5646 Saint Paul Terrace,Qabqir,China,,971
839,Susannah,Cordobes,scordobesna@washington.edu,514-888-1147,0 Hallows Junction,Patani,Nigeria,,859
840,Stanly,Linskey,slinskeynb@nature.com,156-374-8416,6 Coolidge Road,Malummaduri,Nigeria,,25
841,Carmon,Brave,cbravenc@cornell.edu,442-125-8583,5 Mallard Park,Al ‘Aqabah,Yemen,,572
842,Carlotta,Kilgallen,ckilgallennd@harvard.edu,272-884-3104,40907 Rigney Trail,Guanxi,China,,680
843,Daffie,Figure,dfigurene@umich.edu,658-691-9694,7 2nd Street,Santa Ana,El Salvador,,41
844,Charmain,Boor,cboornf@mlb.com,919-768-1761,9 Surrey Street,Sun Kunda,Gambia,,582
845,Ginger,Blakden,gblakdenng@dropbox.com,778-107-5136,2 Walton Plaza,Woha,Indonesia,,410
846,Arleen,Keoghane,akeoghanenh@seattletimes.com,131-443-8034,61 Prairie Rose Trail,Jangheung,South Korea,,915
847,Kristal,Hebbron,khebbronni@google.com,823-790-0811,71740 Bowman Place,Shuangta,China,,924
848,Nelia,Pengelley,npengelleynj@kickstarter.com,574-476-9139,0 Westridge Plaza,South Bend,United States,46620,622
849,West,Caselli,wcasellink@paypal.com,779-112-4092,57449 Mesta Drive,Sumurgung,Indonesia,,777
850,Elianora,Ince,eincenl@istockphoto.com,623-803-1947,03635 Pawling Point,Aracataca,Colombia,472008,348
851,Oralle,Jore,ojorenm@seattletimes.com,529-387-3855,94367 Kinsman Drive,Bogorejo,Indonesia,,908
852,Daron,Rathbourne,drathbournenn@1688.com,212-288-4202,40 Onsgard Road,Matur,Indonesia,,485
853,Chet,Wilcock,cwilcockno@nba.com,628-494-9847,17 Gulseth Road,Al Bīrah,Palestinian Territory,,31
854,Wanda,Guiton,wguitonnp@nba.com,172-569-5573,03 Lindbergh Hill,Mucifal,Portugal,2705-215,926
855,Roddy,Embling,remblingnq@google.cn,716-440-4686,92653 Randy Place,Besteiros,Portugal,4580-290,205
856,Moyna,Hoff,mhoffnr@storify.com,996-648-9742,293 Heffernan Pass,Biaoshan,China,,454
857,Jaquenetta,Houlridge,jhoulridgens@google.com.au,826-917-3224,55 Mandrake Parkway,Cabadiangan,Philippines,1750,938
858,Alena,Thoma,athomant@wired.com,903-246-0149,28 Sunbrook Park,Pomahuaca,Peru,,968
859,Baryram,Chicotti,bchicottinu@fda.gov,235-272-4856,95525 Almo Crossing,Babakan,Indonesia,,211
860,Mischa,Cornillot,mcornillotnv@uiuc.edu,257-920-0327,250 Pawling Road,Dadong,China,,91
861,Ximenes,Monger,xmongernw@webnode.com,623-418-1608,13 Moose Trail,Kopang Satu,Indonesia,,658
862,Wadsworth,Dorrance,wdorrancenx@g.co,335-622-8222,84032 Bunting Road,Gråbo,Sweden,443 14,493
863,Gregorius,McMurty,gmcmurtyny@php.net,949-414-4538,33 Calypso Way,Mugala,China,,137
864,Karia,Breawood,kbreawoodnz@wordpress.org,246-384-7468,99 Arizona Plaza,Moravče,Slovenia,1251,16
865,Dulcine,Bright,dbrighto0@columbia.edu,525-133-7782,12135 Superior Junction,Masaki-chō,Japan,799-3115,708
866,Shalom,Dwelley,sdwelleyo1@about.com,986-586-4136,2 Anthes Court,Satu Nou,Romania,737513,815
867,Jilli,Eskriett,jeskrietto2@weather.com,808-854-5195,265 Bartillon Terrace,Khulna,Bangladesh,9242,615
868,Lisa,Jarrad,ljarrado3@businesswire.com,775-377-3829,312 Scofield Center,Xiakou,China,,32
869,Lyda,Rennock,lrennocko4@acquirethisname.com,358-180-0576,0199 Jana Crossing,Ursynów,Poland,15-134,492
870,Yank,Colvine,ycolvineo5@msu.edu,271-887-2012,14922 Grayhawk Park,Tha Maka,Thailand,71120,694
871,Nisse,Knottley,nknottleyo6@elegantthemes.com,596-845-0938,673 Talisman Street,Kenamoen,Indonesia,,339
872,Harli,Bode,hbodeo7@disqus.com,806-277-4979,00 Spaight Parkway,Hangbu,China,,238
873,Dayna,Douris,ddouriso8@tinyurl.com,670-796-5699,851 Armistice Place,Kapuan,Indonesia,,655
874,Leland,Creighton,lcreightono9@shinystat.com,941-278-4171,42 Forest Run Park,Norrköping,Sweden,602 34,153
875,Vlad,Doggerell,vdoggerelloa@google.ru,348-151-8044,95460 Alpine Parkway,Dashiren,China,,923
876,Nicola,Scatchard,nscatchardob@about.me,304-894-0925,68159 Lakewood Gardens Street,Huurch,Mongolia,,270
877,Justino,Holehouse,jholehouseoc@cnbc.com,212-718-5820,79203 Spaight Crossing,Gravatá,Brazil,55640-000,584
878,Denni,Origan,doriganod@telegraph.co.uk,212-984-9574,3542 Dexter Street,New York City,United States,10160,267
879,Fremont,Hilary,fhilaryoe@liveinternet.ru,523-499-5515,6 American Point,Guaçuí,Brazil,29560-000,626
880,Daisi,Addekin,daddekinof@soundcloud.com,620-479-6683,9 Bayside Circle,Wuxia,China,,652
881,Brunhilde,Over,boverog@pcworld.com,686-133-1332,326 Forster Center,Benjamin Constant,Brazil,69630-000,213
882,Carlin,Ingleby,cinglebyoh@clickbank.net,155-837-5252,30728 Iowa Junction,Puerto San José,Guatemala,05009,769
883,Sigfried,Romanetti,sromanettioi@wikispaces.com,458-142-8501,796 Morningstar Junction,Nanlü,China,,970
884,Jennifer,Balke,jbalkeoj@merriam-webster.com,930-126-0628,0816 Waubesa Drive,Santa Barbara,Philippines,5002,898
885,Kevin,Doppler,kdopplerok@sciencedaily.com,556-653-8218,86 Merry Hill,Chojna,Poland,74-500,353
886,Etta,Coppens,ecoppensol@printfriendly.com,940-850-3239,071 Burrows Parkway,Naas,Ireland,W91,21
887,Derwin,Fiddyment,dfiddymentom@360.cn,399-211-3574,654 Porter Point,Saint-Quentin-en-Yvelines,France,78181 CEDEX,929
888,Kania,Tourle,ktourleon@dailymotion.com,289-956-2005,6 Sachtjen Parkway,Saint-Sauveur,Canada,J0R,694
889,Sarena,Prandoni,sprandonioo@naver.com,314-728-2593,0 Lighthouse Bay Way,Boyu,China,,306
890,Reiko,Prover,rproverop@archive.org,522-560-8616,607 Portage Parkway,Mitrovicë,Kosovo,,111
891,Jeffrey,Dossantos,jdossantosoq@baidu.com,831-879-2940,71 Pleasure Point,Guiglo,Ivory Coast,,850
892,Gordy,Bysouth,gbysouthor@wisc.edu,696-804-9842,38844 Prairie Rose Junction,Thành Phố Thái Bình,Vietnam,,868
893,Gabbie,Tuison,gtuisonos@tinyurl.com,367-224-7812,54 Warrior Terrace,Aimorés,Brazil,35200-000,2
894,Alessandra,Dixcey,adixceyot@apple.com,659-466-7716,917 Barnett Way,Itiruçu,Brazil,45350-000,598
895,Jimmy,Kemp,jkempou@mediafire.com,918-671-9025,64 8th Place,Ia Kha,Vietnam,,216
896,Maybelle,Wardall,mwardallov@scientificamerican.com,845-975-4207,869 Hoffman Junction,Dolní Bečva,Czech Republic,756 55,319
897,Maxine,Puddle,mpuddleow@icq.com,687-483-7807,8 Lighthouse Bay Alley,Sudogda,Russia,601352,944
898,Joanne,Wardroper,jwardroperox@taobao.com,850-484-3217,85162 John Wall Drive,Zmiennica,Poland,36-212,522
899,Aurea,Mableson,amablesonoy@biglobe.ne.jp,203-827-8086,4993 Heffernan Hill,New Haven,United States,06510,620
900,Berty,Cow,bcowoz@freewebs.com,986-448-5910,713 Lakeland Road,Rychtal,Poland,63-630,141
901,Roman,Eccles,recclesp0@theguardian.com,426-849-7479,4219 Crest Line Center,Krasnokholmskiy,Russia,452857,164
902,Alida,Comley,acomleyp1@so-net.ne.jp,519-211-6552,78024 Transport Road,Yokosuka,Japan,987-2224,399
903,Reginauld,Perico,rpericop2@imdb.com,884-233-3761,34 Elgar Plaza,Minakuchi,Japan,949-1738,733
904,Austen,Samweyes,asamweyesp3@prweb.com,547-658-3772,7170 Norway Maple Alley,Mumias,Kenya,,794
905,Andrei,Minico,aminicop4@paginegialle.it,306-868-0453,05364 Prentice Point,Langxi,China,,562
906,Oliver,Imm,oimmp5@sfgate.com,219-549-1032,38 Canary Trail,Huangzhan,China,,529
907,Waneta,Brecknall,wbrecknallp6@whitehouse.gov,820-810-0078,48 2nd Pass,Ugac Sur,Philippines,3501,522
908,Emory,McHenry,emchenryp7@wired.com,165-574-1328,74706 Summerview Park,Shanggan,China,,247
909,Amalie,Skrines,askrinesp8@google.de,660-482-3128,1 Fulton Hill,Großklein,Austria,8453,107
910,Alfi,O'Heyne,aoheynep9@uiuc.edu,204-954-3872,91899 1st Crossing,Mat-i,Philippines,9024,985
911,Camey,McCann,cmccannpa@blogspot.com,669-349-3362,405 Dapin Trail,Ejmiatsin,Armenia,,888
912,Cati,Bridgewater,cbridgewaterpb@ifeng.com,922-178-6342,605 Memorial Crossing,Kebili,Tunisia,,52
913,Adelina,Clee,acleepc@phpbb.com,413-123-2927,02997 Tomscot Crossing,Springfield,United States,01129,831
914,Katerine,Iglesias,kiglesiaspd@wufoo.com,282-854-6684,79195 Bluestem Point,Vila Fria,Portugal,2740-023,513
915,Boony,De Angelo,bdeangelope@quantcast.com,345-942-5714,50818 Forest Court,Gif-sur-Yvette,France,91194 CEDEX,145
916,Parsifal,Arthur,parthurpf@samsung.com,602-715-3379,501 Welch Plaza,General Lavalle,Argentina,7103,224
917,Hally,Shopcott,hshopcottpg@house.gov,515-539-6491,391 Forest Dale Plaza,Jandir,Indonesia,,322
918,Borg,Gilogly,bgiloglyph@imdb.com,901-338-6195,6 Meadow Ridge Place,Pingdingshan,China,,266
919,Ashley,Grasser,agrasserpi@imgur.com,646-901-5728,27715 Warrior Pass,Şafwá,Saudi Arabia,,194
920,Gael,Harraway,gharrawaypj@netvibes.com,214-794-9593,6 Weeping Birch Avenue,Irving,United States,75037,430
921,Heinrick,Street,hstreetpk@fastcompany.com,431-992-9166,22462 Stang Court,Karanggeneng,Indonesia,,940
922,Aubrette,Albro,aalbropl@tamu.edu,391-107-4075,4739 Hansons Circle,Dubki,Russia,157235,694
923,Brianne,Sparrowhawk,bsparrowhawkpm@tmall.com,988-257-7179,4 Surrey Crossing,Tarko-Sale,Russia,629851,564
924,Alberto,Knevett,aknevettpn@behance.net,805-423-2925,9 Green Ridge Center,San Isidro,Mexico,45147,428
925,Sheila-kathryn,Beckingham,sbeckinghampo@hubpages.com,929-818-3852,263 Lerdahl Junction,Daxi,China,,902
926,Doralyn,Falkingham,dfalkinghampp@odnoklassniki.ru,794-958-6288,6 High Crossing Trail,Solo,Philippines,4203,386
927,Lea,Gamell,lgamellpq@desdev.cn,387-173-0083,2 Chive Court,Gandiaye,Senegal,,482
928,Gelya,de Bullion,gdebullionpr@hatena.ne.jp,454-883-9215,7791 Coolidge Parkway,Jacaraú,Brazil,58278-000,994
929,Lesli,Pooke,lpookeps@ovh.net,311-855-9799,763 Kenwood Parkway,Shimanovsk,Russia,676307,737
930,Melantha,Aughton,maughtonpt@exblog.jp,243-262-8264,2650 Swallow Court,Liquica,East Timor,,411
931,Saul,Leif,sleifpu@rambler.ru,765-595-2359,0360 Roth Point,Yihe,China,,542
932,Whitney,Widmore,wwidmorepv@squidoo.com,987-538-6832,29200 Independence Avenue,Afogados da Ingazeira,Brazil,56800-000,428
933,Madge,McAuslene,mmcauslenepw@topsy.com,813-934-5926,809 Rieder Place,Tampa,United States,33686,599
934,Xever,Hebblewaite,xhebblewaitepx@china.com.cn,771-983-8478,56956 Magdeline Trail,Bočar,Serbia,,21
935,Regen,Drust,rdrustpy@java.com,662-794-7930,1646 Lawn Parkway,Tiztoutine,Morocco,,230
936,Benjie,Raxworthy,braxworthypz@eventbrite.com,242-430-7487,5 Waubesa Pass,Butou,China,,31
937,Jennie,Marchelli,jmarchelliq0@ehow.com,282-785-9884,79363 Havey Pass,Boconó,Venezuela,,290
938,Hailey,Drewet,hdrewetq1@wikia.com,679-140-7582,30909 Dennis Junction,Tillabéri,Niger,,162
939,Tamarra,Anshell,tanshellq2@umich.edu,317-997-0800,841 Derek Drive,Krajan Menggare,Indonesia,,256
940,Dosi,Junkinson,djunkinsonq3@weather.com,769-226-5644,8 Independence Crossing,Yuwan,China,,169
941,Edy,Hasselby,ehasselbyq4@adobe.com,924-574-1295,3658 Lunder Hill,Líně,Czech Republic,330 21,281
942,Easter,Kaines,ekainesq5@cloudflare.com,252-436-5555,3007 Mcbride Street,Nizhniye Achaluki,Russia,386323,340
943,Camella,Garroch,cgarrochq6@oakley.com,856-206-4976,751 Summer Ridge Point,São Luís,Brazil,65000-000,515
944,Hollyanne,d'Escoffier,hdescoffierq7@istockphoto.com,155-572-3611,7223 Washington Circle,Castelsarrasin,France,82104 CEDEX,609
945,Valentine,Lettuce,vlettuceq8@mapquest.com,274-379-4319,385 Anderson Road,Xijiang,China,,528
946,Sayers,Mattsson,smattssonq9@wikia.com,420-903-1740,4 International Lane,Xujiahe,China,,552
947,Rowland,Canham,rcanhamqa@etsy.com,737-355-2405,6 Roxbury Court,Liucheng,China,,622
948,Micheal,Damrel,mdamrelqb@home.pl,667-893-5137,28 Maryland Drive,Orange Walk,Belize,,132
949,Erminie,Blackleech,eblackleechqc@indiatimes.com,957-913-1545,904 Bunker Hill Drive,Zarumilla,Peru,,111
950,Harry,Roskams,hroskamsqd@elegantthemes.com,383-472-4083,59330 Judy Street,Hwado,South Korea,,33
951,Ludovika,Joseff,ljoseffqe@xing.com,192-229-1445,8 Stoughton Court,Anahuac,Mexico,92035,416
952,Emmaline,Trunby,etrunbyqf@163.com,196-309-7711,20081 Johnson Drive,Hong’an,China,,62
953,Madelin,Lohden,mlohdenqg@mozilla.org,744-782-4303,1929 Washington Lane,La Guadalupe,Mexico,71703,287
954,Mariquilla,Mancktelow,mmancktelowqh@bing.com,261-430-5671,40284 Annamark Court,Shuanghe,China,,491
955,Tomasine,Haresnaip,tharesnaipqi@hc360.com,164-530-0301,1601 Sloan Circle,Uubulan,Mongolia,,900
956,Baxter,Rubee,brubeeqj@w3.org,758-179-8859,35093 Knutson Drive,Pajagan,Indonesia,,215
957,Adelle,Dancer,adancerqk@ucoz.ru,499-475-7453,76537 Browning Place,Growong Kidul,Indonesia,,685
958,Hedda,Crossland,hcrosslandql@geocities.jp,247-708-0228,671 Spenser Plaza,Tarko-Sale,Russia,629851,301
959,Currie,Kenealy,ckenealyqm@so-net.ne.jp,967-451-0055,4 Gateway Terrace,Xinhui,China,,79
960,Rickie,Higgen,rhiggenqn@list-manage.com,508-352-9391,16 Hagan Point,Lampihung,Indonesia,,449
961,Dorian,Acosta,dacostaqo@squarespace.com,489-398-0728,73 Lillian Way,Blois,France,41942 CEDEX 9,27
962,Perren,Litton,plittonqp@virginia.edu,219-899-9582,14 Melody Center,Bansko,Bulgaria,2770,635
963,Merrick,Shillabear,mshillabearqq@intel.com,874-421-2940,45759 Thompson Terrace,Tianxin,China,,124
964,Patricia,Redmain,predmainqr@discovery.com,660-398-0042,0127 Butternut Plaza,Bouna,Ivory Coast,,583
965,Rosalia,Stronack,rstronackqs@wiley.com,216-362-2709,79242 Petterle Pass,Kunsan,South Korea,,688
966,Lane,Hook,lhookqt@unesco.org,829-305-0667,103 Jackson Center,Pangansalan,Indonesia,,445
967,Odelia,Keddle,okeddlequ@live.com,692-922-2553,44823 Paget Street,Kumane,Serbia,,678
968,Justino,Morat,jmoratqv@ehow.com,903-132-5408,86485 Johnson Plaza,Dubai,United Arab Emirates,,796
969,Blisse,Fitchen,bfitchenqw@foxnews.com,561-161-4985,7 Warbler Pass,Sainyabuli,Laos,,467
970,Kathi,Fallow,kfallowqx@google.co.jp,469-414-5527,1 Parkside Park,Gaoping,China,,34
971,Jaimie,Hardbattle,jhardbattleqy@prlog.org,904-346-4109,6366 Lakewood Gardens Road,Naviraí,Brazil,79950-000,96
972,Prissie,Kivlehan,pkivlehanqz@hc360.com,750-510-0402,04450 Hanson Point,San Luis,Colombia,733008,329
973,Ricki,Manus,rmanusr0@hhs.gov,649-569-3957,437 West Hill,Datar,Indonesia,,920
974,Alene,Rosenkrantz,arosenkrantzr1@pbs.org,965-494-0741,2870 Village Avenue,Fengshan,China,,526
975,Jennica,Preddle,jpreddler2@ifeng.com,551-437-4458,4 Spenser Junction,Tiandeng,China,,72
976,Robyn,Kellaway,rkellawayr3@geocities.jp,566-103-0597,42 Warner Point,Hongmiao,China,,522
977,Danielle,Davydenko,ddavydenkor4@tuttocitta.it,496-693-8513,20 Maple Plaza,Auxerre,France,89024 CEDEX,250
978,Glenda,Nardrup,gnardrupr5@discuz.net,243-257-1269,978 Stang Pass,Gombong,Indonesia,,297
979,Adler,Nijssen,anijssenr6@senate.gov,241-516-6579,1 Cardinal Terrace,Shuikou,China,,545
980,Rabbi,Maton,rmatonr7@360.cn,772-849-3290,8 Vidon Parkway,Bekwai,Ghana,,907
981,Evy,Franey,efraneyr8@cnbc.com,208-923-0401,460 Superior Park,Berehomet,Ukraine,,950
982,Allie,Gilbert,agilbertr9@webnode.com,735-495-3514,248 Farragut Park,Kolobolon,Indonesia,,310
983,Jayson,Geffe,jgeffera@yahoo.com,768-898-0354,459 Messerschmidt Drive,Los Pinos,Mexico,96640,282
984,Latrena,Giuroni,lgiuronirb@economist.com,529-633-6210,344 8th Street,Youkounkoun,Guinea,,816
985,Aristotle,Bannester,abannesterrc@yellowbook.com,782-350-9833,8 Starling Drive,Batticaloa,Sri Lanka,30000,491
986,Eleni,Lasty,elastyrd@networkadvertising.org,497-933-5543,77292 Parkside Road,Balma,France,31139 CEDEX,929
987,Lorain,Lorenc,llorencre@wunderground.com,598-643-7586,71 Florence Place,Jinshan,China,,626
988,Lannie,McKintosh,lmckintoshrf@nih.gov,167-442-3306,3 Loomis Alley,Uglegorsk,Russia,694902,10
989,Cathe,Hearnden,chearndenrg@ted.com,243-909-2271,346 Doe Crossing Center,Kula,Bulgaria,3818,185
990,Myrna,Giffen,mgiffenrh@walmart.com,726-361-8725,92 Bartillon Circle,Cát Bà,Vietnam,,245
991,Logan,Pickersgill,lpickersgillri@sphinn.com,291-316-3646,11070 Holmberg Lane,Qingminghe,China,,120
992,Brockie,Mackin,bmackinrj@msn.com,161-195-1371,25238 Commercial Parkway,Tumu,Indonesia,,24
993,Auria,Greatex,agreatexrk@spotify.com,836-554-7265,08556 Elmside Point,Zaghouan,Tunisia,,855
994,Cirillo,Wetter,cwetterrl@wired.com,316-260-3647,6 Wayridge Drive,Stupino,Russia,142806,725
995,Julienne,Olyff,jolyffrm@goo.ne.jp,620-849-9417,24 Lunder Avenue,Capelinha,Brazil,39680-000,585
996,Gillan,Spearman,gspearmanrn@xinhuanet.com,899-179-7900,09751 Sheridan Place,Santa Rita,Brazil,58300-000,335
997,Dorisa,Sperwell,dsperwellro@cloudflare.com,175-841-7625,984 Daystar Center,Shengrenjian,China,,431
998,Sallie,Lawlor,slawlorrp@opera.com,950-605-3967,5911 Mayer Center,Mombaça,Brazil,63610-000,844
999,Aloisia,Bettam,abettamrq@posterous.com,902-309-7595,89 Erie Circle,Changchun,China,,840
1000,Carleton,Clementucci,cclementuccirr@ucla.edu,312-134-3532,4 Magdeline Way,Padangan,Indonesia,,782
